1;Wed Aug 21 08:42:08 COT 2013;Thu Jan 08 17:16:22 COT 1970;0.657873809337616;13.544.961.214.065.500;-0.9746411442756653;-0.2874751389026642;0.18718236684799194;-0.2704191207885742;0.8995522856712341;Thu Jan 08 17:16:22 COT 1970;0.7365259528160095;14.748.879.671.096.800;-0.974456787109375;-0.20557770133018494;-0.7543246150016785;0.6136826276779175;0.11011721193790436
2;Wed Aug 21 08:42:18 COT 2013;Thu Jan 08 17:16:32 COT 1970;0.6556835770606995;13.543.931.245.803.800;-0.9696885943412781;-0.28564223647117615;0.1904873549938202;-0.2631608843803406;0.9015926718711853;Thu Jan 08 17:16:32 COT 1970;0.6717262268066406;1.224.666.953.086.850;-11.528.220.176.696.700;0.16423171758651733;0.5911755561828613;-0.6321918964385986;0.47315195202827454
3;Wed Aug 21 08:42:28 COT 2013;Thu Jan 08 17:16:42 COT 1970;0.6588612794876099;13.551.398.515.701.200;-0.9731546640396118;-0.2846457362174988;0.18730783462524414;-0.27019646763801575;0.9004923105239868;Thu Jan 08 17:16:42 COT 1970;0.6090595722198486;12.793.529.033.660.800;-0.766097903251648;0.2600511908531189;0.9417133331298828;0.21286259591579437;0.015455532819032669
4;Wed Aug 21 08:42:38 COT 2013;Thu Jan 08 17:16:52 COT 1970;0.6581447720527649;13.553.798.198.699.900;-0.9700217843055725;-0.28287968039512634;0.18970419466495514;-0.26909857988357544;0.9008758664131165;Thu Jan 08 17:16:52 COT 1970;0.5216798186302185;12.390.892.505.645.700;-0.9619877934455872;-0.17559246718883514;0.8172715306282043;-0.521032989025116;0.17250823974609375
0;Wed Aug 21 08:43:18 COT 2013;Thu Jan 08 17:17:32 COT 1970;0.686392605304718;1.364.670.753.479.000;-0.9352654218673706;-0.23622867465019226;0.23448026180267334;-0.2882605195045471;0.897842288017273;Thu Jan 08 17:17:32 COT 1970;0.877593457698822;1.415.915.846.824.640;-0.8413808941841125;0.03428957238793373;0.8691949248313904;0.2296724021434784;0.43654894828796387
0;Wed Aug 21 08:43:23 COT 2013;Thu Jan 08 17:17:37 COT 1970;0.6861488223075867;1.363.411.545.753.470;-0.9513546824455261;-0.24011307954788208;0.21301059424877167;-0.2997243404388428;0.8984083533287048;Thu Jan 08 17:17:37 COT 1970;0.8956031799316406;14.170.057.773.590.000;-0.8630320429801941;0.05279891565442085;0.8899092078208923;0.19156867265701294;0.41057926416397095
0;Wed Aug 21 08:43:27 COT 2013;Thu Jan 08 17:17:42 COT 1970;0.6972706317901611;13.668.928.146.362.300;-0.9489073157310486;-0.2350698560476303;0.22289547324180603;-0.3158077597618103;0.8918100595474243;Thu Jan 08 17:17:42 COT 1970;0.8834317326545715;14.143.887.758.255.000;-0.8534401655197144;0.0414198637008667;0.8619922399520874;0.19646060466766357;0.4654642641544342
0;Wed Aug 21 08:43:32 COT 2013;Thu Jan 08 17:17:47 COT 1970;0.7183534502983093;13.611.741.065.979.000;-10.064.828.395.843.500;-0.2861308455467224;0.17961837351322174;-0.3584645092487335;0.870269775390625;Thu Jan 08 17:17:47 COT 1970;0.8945729732513428;14.129.022.359.848.000;-0.89114910364151;0.024974338710308075;0.8386476635932922;0.18145395815372467;0.5129530429840088
0;Wed Aug 21 08:43:38 COT 2013;Thu Jan 08 17:17:52 COT 1970;0.7050511837005615;13.644.458.055.496.200;-0.9814013838768005;-0.267679899930954;0.20608863234519958;-0.3407871127128601;0.8773477077484131;Thu Jan 08 17:17:52 COT 1970;0.9029882550239563;14.143.046.140.670.700;-0.8915767669677734;0.046298328787088394;0.889046311378479;0.16380345821380615;0.4249958395957947
0;Wed Aug 21 08:43:43 COT 2013;Thu Jan 08 17:17:57 COT 1970;0.6990046501159668;13.624.191.284.179.600;-0.9816322326660156;-0.2707957625389099;0.20310433208942413;-0.3362220525741577;0.8788476586341858;Thu Jan 08 17:17:57 COT 1970;0.8957074284553528;14.146.991.968.154.900;-0.8878520131111145;0.03823104873299599;0.877011775970459;0.16974911093711853;0.4478549659252167
0;Wed Aug 21 08:43:48 COT 2013;Thu Jan 08 17:18:02 COT 1970;0.69497150182724;13.651.105.165.481.500;-0.9626873135566711;-0.25330567359924316;0.22237266600131989;-0.3234751224517822;0.8841665387153625;Thu Jan 08 17:18:02 COT 1970;0.8833419680595398;14.174.920.320.510.800;-0.8774595856666565;0.03131530433893204;0.8813186883926392;0.18643245100975037;0.433058500289917
0;Wed Aug 21 08:43:53 COT 2013;Thu Jan 08 17:18:07 COT 1970;0.7083544731140137;13.623.942.136.764.500;-0.9940208196640015;-0.2768409252166748;0.20110011100769043;-0.347488135099411;0.8730233907699585;Thu Jan 08 17:18:07 COT 1970;0.8904639482498169;14.171.416.759.490.900;-0.9034462571144104;0.01544614601880312;0.8817066550254822;0.17040647566318512;0.4396776854991913
0;Wed Aug 21 08:43:58 COT 2013;Thu Jan 08 17:18:12 COT 1970;0.72162926197052;13.651.760.816.574.000;-0.9994927644729614;-0.27373430132865906;0.20929069817066193;-0.3640289306640625;0.8653033375740051;Thu Jan 08 17:18:12 COT 1970;0.9046826362609863;14.107.590.913.772.500;-0.9019713997840881;0.031773608177900314;0.8756168484687805;0.1677066683769226;0.45184072852134705
0;Wed Aug 21 08:45:43 COT 2013;Thu Jan 08 17:19:58 COT 1970;0.6786457300186157;13.618.359.565.734.800;-0.9632045030593872;-0.24611060321331024;0.21468806266784668;-0.3159240186214447;0.890803337097168;Thu Jan 08 17:19:58 COT 1970;0.8587844967842102;1.410.215.973.854.060;-0.8513956665992737;0.03954236954450607;0.8368308544158936;0.25984296202659607;0.4802418053150177
0;Wed Aug 21 08:45:49 COT 2013;Thu Jan 08 17:20:03 COT 1970;0.6801865696907043;13.636.258.840.560.900;-0.9587437510490417;-0.2401372194290161;0.21826422214508057;-0.31953728199005127;0.890275776386261;Thu Jan 08 17:20:03 COT 1970;0.8783683776855469;14.077.454.805.374.100;-0.8539280891418457;0.06336699426174164;0.8619707822799683;0.22971206903457642;0.4474632441997528
0;Wed Aug 21 08:45:54 COT 2013;Thu Jan 08 17:20:08 COT 1970;0.6726117134094238;1.362.282.633.781.430;-0.9526256322860718;-0.23833465576171875;0.22400468587875366;-0.3102649748325348;0.8926109075546265;Thu Jan 08 17:20:08 COT 1970;0.8776695132255554;14.080.535.173.416.100;-0.8521398305892944;0.06683778017759323;0.8611350655555725;0.22822259366512299;0.449325829744339
0;Wed Aug 21 08:45:59 COT 2013;Thu Jan 08 17:20:13 COT 1970;0.6747725605964661;13.632.465.600.967.400;-0.9500873684883118;-0.23578114807605743;0.22888419032096863;-0.3121439516544342;0.8913951516151428;Thu Jan 08 17:20:13 COT 1970;0.8794109225273132;14.072.580.337.524.400;-0.8505373001098633;0.06606558710336685;0.8606078028678894;0.23332452774047852;0.4478272795677185
0;Wed Aug 21 08:46:04 COT 2013;Thu Jan 08 17:20:18 COT 1970;0.646843671798706;13.544.901.609.420.700;-0.9370049238204956;-0.241420179605484;0.2557387948036194;-0.2634260654449463;0.8982876539230347;Thu Jan 08 17:20:18 COT 1970;0.8583622574806213;14.093.842.506.408.600;-0.8543199896812439;0.05491185188293457;0.8786461353302002;0.21499235928058624;0.4227813482284546
0;Wed Aug 21 08:46:09 COT 2013;Thu Jan 08 17:20:23 COT 1970;0.6544361114501953;13.534.659.147.262.500;-0.9544142484664917;-0.2582766115665436;0.25066491961479187;-0.2672889828681946;0.8938774466514587;Thu Jan 08 17:20:23 COT 1970;0.8669394254684448;14.122.329.950.332.600;-0.8720951080322266;0.04620574414730072;0.8808761835098267;0.20560553669929504;0.4238497018814087
0;Wed Aug 21 08:46:14 COT 2013;Thu Jan 08 17:20:28 COT 1970;0.6585672497749329;13.547.405.004.501.300;-0.9619923830032349;-0.2634681165218353;0.25176486372947693;-0.2771356403827667;0.889041543006897;Thu Jan 08 17:20:28 COT 1970;0.8713663220405579;14.103.293.418.884.200;-0.8763260841369629;0.04736635833978653;0.8775120377540588;0.20524446666240692;0.43081754446029663
0;Wed Aug 21 08:46:19 COT 2013;Thu Jan 08 17:20:33 COT 1970;0.6591394543647766;13.550.972.938.537.500;-0.9612022042274475;-0.2627469301223755;0.2562769055366516;-0.2740507125854492;0.8889220356941223;Thu Jan 08 17:20:33 COT 1970;0.8727814555168152;14.107.015.132.904.000;-0.8776461482048035;0.048372019082307816;0.8803966045379639;0.20714740455150604;0.42385366559028625
0;Wed Aug 21 08:46:24 COT 2013;Thu Jan 08 17:20:38 COT 1970;0.6541696786880493;13.537.116.050.720.200;-0.9595825672149658;-0.2636355757713318;0.248990997672081;-0.27428874373435974;0.8906545042991638;Thu Jan 08 17:20:38 COT 1970;0.8660695552825928;14.107.768.535.614.000;-0.8717114329338074;0.0474093072116375;0.8745086193084717;0.21557684242725372;0.43187233805656433
0;Wed Aug 21 08:46:41 COT 2013;Thu Jan 08 17:20:55 COT 1970;0.6324865221977234;13.428.760.766.983.000;-0.9474492073059082;-0.2591204047203064;0.21217957139015198;-0.2273917943239212;0.9144010543823242;Thu Jan 08 17:20:55 COT 1970;0.8341584801673889;14.174.176.454.544.000;-0.8456931710243225;0.008365611545741558;0.8523768186569214;0.253506600856781;0.45729437470436096
0;Wed Aug 21 08:46:46 COT 2013;Thu Jan 08 17:21:00 COT 1970;0.6462503671646118;13.481.378.555.297.800;-0.9607025384902954;-0.2729138433933258;0.23273955285549164;-0.24775198101997375;0.8999829292297363;Thu Jan 08 17:21:00 COT 1970;0.8511395454406738;1.418.291.687.965.390;-0.8682816624641418;0.010181241668760777;0.8622764945030212;0.21646596491336823;0.4577314853668213
0;Wed Aug 21 08:46:51 COT 2013;Thu Jan 08 17:21:05 COT 1970;0.6536089777946472;13.546.781.539.916.900;-0.9501223564147949;-0.24920569360256195;0.22335705161094666;-0.265780508518219;0.9040845036506653;Thu Jan 08 17:21:05 COT 1970;0.8633902072906494;14.166.290.760.040.200;-0.8561190962791443;0.03304170072078705;0.8718177080154419;0.2173653542995453;0.43771496415138245
0;Wed Aug 21 08:46:55 COT 2013;Thu Jan 08 17:21:10 COT 1970;0.6522678136825562;13.560.864.925.384.500;-0.9412491321563721;-0.23376575112342834;0.22260171175003052;-0.26651880145072937;0.9081683158874512;Thu Jan 08 17:21:10 COT 1970;0.8587782382965088;14.077.963.829.040.500;-0.8274047374725342;0.06014895439147949;0.8327021598815918;0.2702227234840393;0.47955071926116943
0;Wed Aug 21 08:47:01 COT 2013;Thu Jan 08 17:21:15 COT 1970;0.6499993205070496;13.554.375.171.661.300;-0.9426697492599487;-0.23032407462596893;0.21871688961982727;-0.265269011259079;0.9103549718856812;Thu Jan 08 17:21:15 COT 1970;0.8541796207427979;14.094.396.829.605.100;-0.8340197801589966;0.0443270280957222;0.8449557423591614;0.2595638334751129;0.4655228853225708
0;Wed Aug 21 08:47:06 COT 2013;Thu Jan 08 17:21:20 COT 1970;0.6500548124313354;13.556.807.041.168.200;-0.9441571831703186;-0.2311505377292633;0.2192578911781311;-0.266733855009079;0.909587025642395;Thu Jan 08 17:21:20 COT 1970;0.8563169836997986;14.098.235.368.728.600;-0.838420569896698;0.04929257556796074;0.8497055768966675;0.2521532475948334;0.46042299270629883
0;Wed Aug 21 08:47:11 COT 2013;Thu Jan 08 17:21:25 COT 1970;0.6490010023117065;13.554.584.980.010.900;-0.9469886422157288;-0.23186758160591125;0.21869751811027527;-0.26881322264671326;0.9089270234107971;Thu Jan 08 17:21:25 COT 1970;0.8545734882354736;1.409.551.739.692.680;-0.8406657576560974;0.04716940224170685;0.8499959707260132;0.252878874540329;0.45971086621284485
0;Wed Aug 21 08:47:16 COT 2013;Thu Jan 08 17:21:30 COT 1970;0.6494989395141602;13.560.353.517.532.300;-0.9486446976661682;-0.23108230531215668;0.21996040642261505;-0.27166178822517395;0.9079747796058655;Thu Jan 08 17:21:30 COT 1970;0.854584813117981;14.090.185.165.405.200;-0.8421518206596375;0.0460771769285202;0.8492158651351929;0.2542099058628082;0.4605286121368408
0;Wed Aug 21 08:47:21 COT 2013;Thu Jan 08 17:21:35 COT 1970;0.6461452841758728;13.550.853.729.248.000;-0.948897123336792;-0.2318817526102066;0.21940752863883972;-0.26874324679374695;0.9087728261947632;Thu Jan 08 17:21:35 COT 1970;0.8509264588356018;14.091.026.782.989.500;-0.8420548439025879;0.0439179427921772;0.8477403521537781;0.25588032603263855;0.4625285565853119
0;Wed Aug 21 08:47:26 COT 2013;Thu Jan 08 17:21:40 COT 1970;0.6459608674049377;13.551.688.194.274.900;-0.9471427798271179;-0.23003388941287994;0.22069434821605682;-0.2681286036968231;0.9091124534606934;Thu Jan 08 17:21:40 COT 1970;0.8510122895240784;14.086.942.672.729.400;-0.8407056927680969;0.04437851905822754;0.8478434681892395;0.25580140948295593;0.4623393416404724
0;Wed Aug 21 08:47:49 COT 2013;Thu Jan 08 17:22:03 COT 1970;0.6182752251625061;13.390.028.476.715.000;-0.9395051002502441;-0.27295982837677;0.2114214152097702;-0.2249983698129654;0.9111364483833313;Thu Jan 08 17:22:03 COT 1970;0.8196383714675903;14.208.499.193.191.500;-0.8425017595291138;0.004710075445473194;0.8620166182518005;0.25201016664505005;0.4397682547569275
0;Wed Aug 21 08:47:54 COT 2013;Thu Jan 08 17:22:08 COT 1970;0.6292725205421448;13.464.157.581.329.300;-0.9393225908279419;-0.26262134313583374;0.2133440226316452;-0.2477734386920929;0.9078119993209839;Thu Jan 08 17:22:08 COT 1970;0.8326095342636108;14.175.217.151.641.800;-0.8369151949882507;0.018309300765395164;0.8549529910087585;0.2671126127243042;0.4442644417285919
0;Wed Aug 21 08:47:59 COT 2013;Thu Jan 08 17:22:13 COT 1970;0.6355431079864502;1.349.797.248.840.330;-0.9362432956695557;-0.25023773312568665;0.20980674028396606;-0.25560447573661804;0.9099607467651367;Thu Jan 08 17:22:13 COT 1970;0.8361561894416809;14.164.773.225.784.300;-0.8303707838058472;0.019445128738880157;0.8540259599685669;0.2732449173927307;0.44226551055908203
0;Wed Aug 21 08:48:03 COT 2013;Thu Jan 08 17:22:18 COT 1970;0.6370840072631836;13.500.934.839.248.600;-0.9463456273078918;-0.25448277592658997;0.20747949182987213;-0.26653939485549927;0.9061719179153442;Thu Jan 08 17:22:18 COT 1970;0.8359639644622803;1.416.361.689.567.560;-0.836024284362793;0.01869460940361023;0.8442940711975098;0.27794450521469116;0.4577825367450714
0;Wed Aug 21 08:48:09 COT 2013;Thu Jan 08 17:22:23 COT 1970;0.6397845149040222;13.521.614.074.707.000;-0.944733202457428;-0.2525729835033417;0.21078847348690033;-0.2708767354488373;0.9046550989151001;Thu Jan 08 17:22:23 COT 1970;0.8406886458396912;14.153.270.721.435.500;-0.8347741961479187;0.0244268961250782;0.8439469933509827;0.274359792470932;0.4603080153465271
0;Wed Aug 21 08:48:14 COT 2013;Thu Jan 08 17:22:28 COT 1970;0.6378947496414185;13.515.403.270.721.400;-0.9455251097679138;-0.2525436282157898;0.20995435118675232;-0.2698632478713989;0.9051600694656372;Thu Jan 08 17:22:28 COT 1970;0.836908221244812;14.158.045.053.482.000;-0.8342170715332031;0.019608432427048683;0.8423535823822021;0.28143906593322754;0.4591818153858185
0;Wed Aug 21 08:48:19 COT 2013;Thu Jan 08 17:22:33 COT 1970;0.6382123827934265;13.517.611.026.763.900;-0.9464800953865051;-0.25293898582458496;0.21122407913208008;-0.2704870104789734;0.9045678973197937;Thu Jan 08 17:22:33 COT 1970;0.8365195989608765;14.159.692.525.863.600;-0.8343582153320312;0.0173975620418787;0.8395559191703796;0.2847883999347687;0.4623188376426697
0;Wed Aug 21 08:48:24 COT 2013;Thu Jan 08 17:22:38 COT 1970;0.6372472047805786;13.512.001.037.597.600;-0.9453808069229126;-0.252886563539505;0.21137262880802155;-0.27005434036254883;0.9046770334243774;Thu Jan 08 17:22:38 COT 1970;0.8343362212181091;14.162.026.643.753.000;-0.8317931294441223;0.013157414272427559;0.8364719152450562;0.2911626100540161;0.4640754759311676
0;Wed Aug 21 08:48:29 COT 2013;Thu Jan 08 17:22:43 COT 1970;0.6381467580795288;1.351.867.437.362.670;-0.9457491040229797;-0.25203192234039307;0.2116459161043167;-0.2708703279495239;0.9046078324317932;Thu Jan 08 17:22:43 COT 1970;0.8346775770187378;14.163.936.376.571.600;-0.8318211436271667;0.011827807873487473;0.8356846570968628;0.29341405630111694;0.46411144733428955
0;Wed Aug 21 08:48:34 COT 2013;Thu Jan 08 17:22:48 COT 1970;0.6339952349662781;1.350.187.063.217.160;-0.9470722675323486;-0.2542904019355774;0.20972293615341187;-0.2663629651069641;0.9057613015174866;Thu Jan 08 17:22:48 COT 1970;0.8298273086547852;1.416.661.024.093.620;-0.8318817615509033;0.008662108331918716;0.8330479264259338;0.29744040966033936;0.466353178024292
0;Wed Aug 21 08:48:50 COT 2013;Thu Jan 08 17:23:05 COT 1970;0.6295079588890076;13.469.182.252.883.900;-0.9583749175071716;-0.26600855588912964;0.213988795876503;-0.2575637698173523;0.9039409160614014;Thu Jan 08 17:23:05 COT 1970;0.8254555463790894;14.128.221.273.422.200;-0.8439773917198181;0.023697948083281517;0.8231279850006104;0.2805137038230896;0.49316421151161194
0;Wed Aug 21 08:48:55 COT 2013;Thu Jan 08 17:23:10 COT 1970;0.6445799469947815;13.543.317.317.962.600;-0.9393467903137207;-0.2447904497385025;0.22864671051502228;-0.27181512117385864;0.9021723866462708;Thu Jan 08 17:23:10 COT 1970;0.8555788993835449;1.408.091.425.895.690;-0.8317833542823792;0.05928165465593338;0.8436418175697327;0.2656330168247223;0.46281036734580994
0;Wed Aug 21 08:49:01 COT 2013;Thu Jan 08 17:23:15 COT 1970;0.641415536403656;13.529.777.526.855.400;-0.9430782198905945;-0.246066153049469;0.22408965229988098;-0.2698024809360504;0.9035717248916626;Thu Jan 08 17:23:15 COT 1970;0.8498404026031494;14.085.121.154.785.100;-0.8327170610427856;0.05272199586033821;0.8382303714752197;0.26995208859443665;0.470867395401001
0;Wed Aug 21 08:49:06 COT 2013;Thu Jan 08 17:23:20 COT 1970;0.6365474462509155;13.512.933.254.241.900;-0.9422810077667236;-0.24759019911289215;0.22520215809345245;-0.2648599445819855;0.9043408036231995;Thu Jan 08 17:23:20 COT 1970;0.8441697955131531;14.090.781.211.853.000;-0.8324877619743347;0.04791786149144173;0.8393648266792297;0.276476114988327;0.46554434299468994
0;Wed Aug 21 08:49:11 COT 2013;Thu Jan 08 17:23:25 COT 1970;0.6352832317352295;13.513.798.713.684.000;-0.9418092966079712;-0.24567100405693054;0.22734971344470978;-0.264801561832428;0.9043440222740173;Thu Jan 08 17:23:25 COT 1970;0.8420678973197937;14.090.574.979.782.100;-0.8322731852531433;0.044832516461610794;0.8389549255371094;0.2809348404407501;0.46391838788986206
0;Wed Aug 21 08:49:16 COT 2013;Thu Jan 08 17:23:30 COT 1970;0.6322247982025146;13.509.676.456.451.400;-0.9398739337921143;-0.24452903866767883;0.22930201888084412;-0.26260218024253845;0.9048016667366028;Thu Jan 08 17:23:30 COT 1970;0.8397833704948425;14.083.977.937.698.300;-0.830633819103241;0.04730045795440674;0.8383262753486633;0.2812141478061676;0.4646399915218353
0;Wed Aug 21 08:49:20 COT 2013;Thu Jan 08 17:23:35 COT 1970;0.6326140761375427;13.510.788.679.122.900;-0.9400941133499146;-0.24352724850177765;0.22805015742778778;-0.2633887231349945;0.9051596522331238;Thu Jan 08 17:23:35 COT 1970;0.8390039801597595;1.408.603.549.003.600;-0.8299064636230469;0.04548180103302002;0.8372831344604492;0.28396040201187134;0.46503201127052307
0;Wed Aug 21 08:49:26 COT 2013;Thu Jan 08 17:23:40 COT 1970;0.6306537985801697;13.505.895.137.786.800;-0.9402952194213867;-0.2432548999786377;0.22745417058467865;-0.26135915517807007;0.9059708118438721;Thu Jan 08 17:23:40 COT 1970;0.8365053534507751;14.085.489.511.489.800;-0.829246461391449;0.04378331080079079;0.8350793719291687;0.2866939306259155;0.46747422218322754
0;Wed Aug 21 08:49:31 COT 2013;Thu Jan 08 17:23:45 COT 1970;0.6353482604026794;13.523.274.660.110.400;-0.9397512078285217;-0.24230943620204926;0.2301829606294632;-0.26664263010025024;0.9039931297302246;Thu Jan 08 17:23:45 COT 1970;0.8416160941123962;14.084.458.351.135.200;-0.8300572037696838;0.04523249715566635;0.837619423866272;0.2833232879638672;0.464839369058609
0;Wed Aug 21 08:49:35 COT 2013;Thu Jan 08 17:23:50 COT 1970;0.635007381439209;13.523.836.135.864.200;-0.9394494295120239;-0.24165071547031403;0.23134152591228485;-0.26695165038108826;0.9037824869155884;Thu Jan 08 17:23:50 COT 1970;0.8411526679992676;1.408.359.408.378.600;-0.8303800821304321;0.044647350907325745;0.8388457298278809;0.28350597620010376;0.4625675678253174
0;Wed Aug 21 08:49:52 COT 2013;Thu Jan 08 17:24:06 COT 1970;0.634941577911377;13.535.064.458.847.000;-0.9411715865135193;-0.245855450630188;0.237167626619339;-0.2661338746547699;0.9013763666152954;Thu Jan 08 17:24:06 COT 1970;0.8442497849464417;14.094.239.473.342.800;-0.843782901763916;0.04629204422235489;0.8549604415893555;0.24828648567199707;0.4530490040779114
0;Wed Aug 21 08:49:57 COT 2013;Thu Jan 08 17:24:11 COT 1970;0.6414750814437866;13.558.061.122.894.200;-0.9434340000152588;-0.24401327967643738;0.24000997841358185;-0.27825531363487244;0.8974557518959045;Thu Jan 08 17:24:11 COT 1970;0.8483928442001343;14.086.264.371.871.900;-0.8442638516426086;0.04412182793021202;0.8508695960044861;0.2548886239528656;0.4572809636592865
0;Wed Aug 21 08:50:02 COT 2013;Thu Jan 08 17:24:16 COT 1970;0.646899402141571;13.548.692.464.828.400;-0.9652625322341919;-0.2610323131084442;0.2307281345129013;-0.28859153389930725;0.8918192386627197;Thu Jan 08 17:24:16 COT 1970;0.8518388271331787;14.110.047.817.230.200;-0.8643724918365479;0.03310338035225868;0.8511598706245422;0.23994912207126617;0.46567752957344055
0;Wed Aug 21 08:50:07 COT 2013;Thu Jan 08 17:24:21 COT 1970;0.6518872380256653;13.587.218.523.025.500;-0.9490389227867126;-0.2469867318868637;0.24492458999156952;-0.29473623633384705;0.8900224566459656;Thu Jan 08 17:24:21 COT 1970;0.8590197563171387;14.071.992.635.726.900;-0.8511689305305481;0.04779193177819252;0.8533768653869629;0.24814222753047943;0.4559488594532013
0;Wed Aug 21 08:50:12 COT 2013;Thu Jan 08 17:24:26 COT 1970;0.6495057344436646;13.577.371.835.708.600;-0.9519714713096619;-0.24911431968212128;0.239882230758667;-0.2955339550971985;0.890538215637207;Thu Jan 08 17:24:26 COT 1970;0.8537681698799133;1.408.069.372.177.120;-0.8499584197998047;0.04053141921758652;0.8473246693611145;0.2577137351036072;0.4625816345214844
0;Wed Aug 21 08:50:17 COT 2013;Thu Jan 08 17:24:31 COT 1970;0.6539512276649475;13.590.528.964.996.300;-0.9537479877471924;-0.2504423260688782;0.24119174480438232;-0.30143147706985474;0.8878312110900879;Thu Jan 08 17:24:31 COT 1970;0.8582274317741394;1.408.020.257.949.820;-0.8523254990577698;0.04176026210188866;0.8484339714050293;0.2556402087211609;0.4615885615348816
0;Wed Aug 21 08:50:22 COT 2013;Thu Jan 08 17:24:36 COT 1970;0.6538472771644592;1.358.853.816.986.080;-0.9550979733467102;-0.2500223219394684;0.24095650017261505;-0.3018327057361603;0.8878771662712097;Thu Jan 08 17:24:36 COT 1970;0.8576011061668396;14.079.821.109.771.700;-0.8532060980796814;0.04076196625828743;0.8480567336082458;0.25796180963516235;0.46107912063598633
0;Wed Aug 21 08:50:27 COT 2013;Thu Jan 08 17:24:41 COT 1970;0.6596143841743469;13.606.477.975.845.300;-0.955919086933136;-0.24836578965187073;0.24019955098628998;-0.3095378577709198;0.8858921527862549;Thu Jan 08 17:24:41 COT 1970;0.8622466325759888;14.077.204.465.866.000;-0.8530460596084595;0.041223835200071335;0.8476598858833313;0.2584283649921417;0.46150627732276917
0;Wed Aug 21 08:50:32 COT 2013;Thu Jan 08 17:24:46 COT 1970;0.6637822985649109;13.618.004.322.052.000;-0.9563125371932983;-0.2471276819705963;0.24111123383045197;-0.3143812119960785;0.8842837810516357;Thu Jan 08 17:24:46 COT 1970;0.8662745952606201;1.407.328.724.861.140;-0.8537745475769043;0.042159710079431534;0.8489789366722107;0.25733742117881775;0.45960283279418945
0;Wed Aug 21 08:50:37 COT 2013;Thu Jan 08 17:24:51 COT 1970;0.6668273210525513;13.622.926.473.617.500;-0.9592806696891785;-0.24838122725486755;0.23917646706104279;-0.319179505109787;0.8827376961708069;Thu Jan 08 17:24:51 COT 1970;0.8688680529594421;14.071.887.731.552.100;-0.8558669686317444;0.043482355773448944;0.8484152555465698;0.25602516531944275;0.4612504243850708
0;Wed Aug 21 08:50:55 COT 2013;Thu Jan 08 17:25:10 COT 1970;0.6406304836273193;13.556.005.954.742.400;-0.9139717817306519;-0.21679411828517914;0.25700655579566956;-0.2618730962276459;0.9046382308006287;Thu Jan 08 17:25:10 COT 1970;0.7671910524368286;13.682.490.587.234.400;-10.461.885.929.107.600;-0.19846151769161224;-0.8168068528175354;0.2175966203212738;0.4960760176181793
0;Wed Aug 21 08:51:00 COT 2013;Thu Jan 08 17:25:15 COT 1970;0.646855890750885;13.591.632.843.017.500;-0.9019876718521118;-0.19727560877799988;0.25612860918045044;-0.2726457417011261;0.9061703681945801;Thu Jan 08 17:25:15 COT 1970;0.788029670715332;13.769.721.984.863.200;-10.225.871.801.376.300;-0.17455950379371643;-0.8280118703842163;0.15215913951396942;0.5106593370437622
0;Wed Aug 21 08:51:06 COT 2013;Thu Jan 08 17:25:20 COT 1970;0.6511687636375427;13.615.955.114.364.600;-0.9100370407104492;-0.20623579621315002;0.2638367712497711;-0.28439489006996155;0.8983187675476074;Thu Jan 08 17:25:20 COT 1970;0.7860996127128601;13.691.943.883.895.800;-10.363.777.875.900.200;-0.19624972343444824;-0.8157861232757568;0.18107034265995026;0.5130229592323303
0;Wed Aug 21 08:51:10 COT 2013;Thu Jan 08 17:25:25 COT 1970;0.6511157751083374;13.606.809.377.670.200;-0.9152941107749939;-0.19933444261550903;0.2310703545808792;-0.28648969531059265;0.9081827998161316;Thu Jan 08 17:25:25 COT 1970;0.7696942090988159;1.369.226.098.060.600;-103.209.388.256.073;-0.179848775267601;-0.8092778325080872;0.19753876328468323;0.5231655836105347
0;Wed Aug 21 08:51:15 COT 2013;Thu Jan 08 17:25:30 COT 1970;0.6640850901603699;13.652.206.659.317.000;-0.9273145794868469;-0.19139614701271057;0.2283383011817932;-0.30940771102905273;0.9030481576919556;Thu Jan 08 17:25:30 COT 1970;0.8037833571434021;13.672.820.329.666.100;-1.041.693.925.857.540;-0.22195090353488922;-0.8318994045257568;0.18380875885486603;0.47423145174980164
0;Wed Aug 21 08:51:21 COT 2013;Thu Jan 08 17:25:35 COT 1970;0.6645260453224182;13.651.890.754.699.700;-0.9223892092704773;-0.21421918272972107;0.24593019485473633;-0.28232812881469727;0.9021747708320618;Thu Jan 08 17:25:35 COT 1970;0.7758855223655701;13.554.041.385.650.600;-10.501.142.740.249.600;-0.2337065488100052;-0.7689784169197083;0.22669407725334167;0.5501483082771301
0;Wed Aug 21 08:51:26 COT 2013;Thu Jan 08 17:25:40 COT 1970;0.6599319577217102;13.647.338.151.931.700;-0.9100216627120972;-0.1944293975830078;0.23358681797981262;-0.2728559970855713;0.9127891659736633;Thu Jan 08 17:25:40 COT 1970;0.7738397717475891;13.611.489.534.378.000;-10.340.811.014.175.400;-0.20229564607143402;-0.7840767502784729;0.20591209828853607;0.5494545698165894
0;Wed Aug 21 08:51:31 COT 2013;Thu Jan 08 17:25:45 COT 1970;0.6581261157989502;1.364.359.974.861.140;-0.9080878496170044;-0.18922729790210724;0.23148274421691895;-0.2689681947231293;0.9155680537223816;Thu Jan 08 17:25:45 COT 1970;0.7733411192893982;13.617.730.140.686.000;-1.032.464.861.869.810;-0.2048240303993225;-0.784809947013855;0.20423461496829987;0.5480955839157104
0;Wed Aug 21 08:53:16 COT 2013;Thu Jan 08 17:27:31 COT 1970;0.6554509401321411;13.580.138.683.319.000;-0.9404440522193909;-0.21777813136577606;0.22649958729743958;-0.22631826996803284;0.9219819903373718;Thu Jan 08 17:27:31 COT 1970;0.7730250358581543;13.616.312.742.233.200;-1.062.597.393.989.560;-0.20749631524085999;-0.754927396774292;0.1961689293384552;0.5903792381286621
0;Wed Aug 21 08:53:16 COT 2013;Thu Jan 08 17:27:31 COT 1970;0.6554509401321411;13.580.138.683.319.000;-0.9404440522193909;-0.21777813136577606;0.22649958729743958;-0.22631826996803284;0.9219819903373718;Thu Jan 08 17:27:31 COT 1970;0.7730250358581543;13.616.312.742.233.200;-1.062.597.393.989.560;-0.20749631524085999;-0.754927396774292;0.1961689293384552;0.5903792381286621
0;Wed Aug 21 08:53:16 COT 2013;Thu Jan 08 17:27:31 COT 1970;0.6554509401321411;13.580.138.683.319.000;-0.9404440522193909;-0.21777813136577606;0.22649958729743958;-0.22631826996803284;0.9219819903373718;Thu Jan 08 17:27:31 COT 1970;0.7730250358581543;13.616.312.742.233.200;-1.062.597.393.989.560;-0.20749631524085999;-0.754927396774292;0.1961689293384552;0.5903792381286621
0;Wed Aug 21 08:53:16 COT 2013;Thu Jan 08 17:27:31 COT 1970;0.6554509401321411;13.580.138.683.319.000;-0.9404440522193909;-0.21777813136577606;0.22649958729743958;-0.22631826996803284;0.9219819903373718;Thu Jan 08 17:27:31 COT 1970;0.7730250358581543;13.616.312.742.233.200;-1.062.597.393.989.560;-0.20749631524085999;-0.754927396774292;0.1961689293384552;0.5903792381286621
0;Wed Aug 21 08:53:16 COT 2013;Thu Jan 08 17:27:31 COT 1970;0.6554509401321411;13.580.138.683.319.000;-0.9404440522193909;-0.21777813136577606;0.22649958729743958;-0.22631826996803284;0.9219819903373718;Thu Jan 08 17:27:31 COT 1970;0.7730250358581543;13.616.312.742.233.200;-1.062.597.393.989.560;-0.20749631524085999;-0.754927396774292;0.1961689293384552;0.5903792381286621
0;Wed Aug 21 08:53:16 COT 2013;Thu Jan 08 17:27:31 COT 1970;0.6554509401321411;13.580.138.683.319.000;-0.9404440522193909;-0.21777813136577606;0.22649958729743958;-0.22631826996803284;0.9219819903373718;Thu Jan 08 17:27:31 COT 1970;0.7730250358581543;13.616.312.742.233.200;-1.062.597.393.989.560;-0.20749631524085999;-0.754927396774292;0.1961689293384552;0.5903792381286621
0;Wed Aug 21 08:53:16 COT 2013;Thu Jan 08 17:27:31 COT 1970;0.6554509401321411;13.580.138.683.319.000;-0.9404440522193909;-0.21777813136577606;0.22649958729743958;-0.22631826996803284;0.9219819903373718;Thu Jan 08 17:27:31 COT 1970;0.7730250358581543;13.616.312.742.233.200;-1.062.597.393.989.560;-0.20749631524085999;-0.754927396774292;0.1961689293384552;0.5903792381286621
0;Wed Aug 21 08:53:16 COT 2013;Thu Jan 08 17:27:31 COT 1970;0.6554509401321411;13.580.138.683.319.000;-0.9404440522193909;-0.21777813136577606;0.22649958729743958;-0.22631826996803284;0.9219819903373718;Thu Jan 08 17:27:31 COT 1970;0.7730250358581543;13.616.312.742.233.200;-1.062.597.393.989.560;-0.20749631524085999;-0.754927396774292;0.1961689293384552;0.5903792381286621
0;Wed Aug 21 08:53:16 COT 2013;Thu Jan 08 17:27:31 COT 1970;0.6554509401321411;13.580.138.683.319.000;-0.9404440522193909;-0.21777813136577606;0.22649958729743958;-0.22631826996803284;0.9219819903373718;Thu Jan 08 17:27:31 COT 1970;0.7730250358581543;13.616.312.742.233.200;-1.062.597.393.989.560;-0.20749631524085999;-0.754927396774292;0.1961689293384552;0.5903792381286621
0;Wed Aug 21 08:53:16 COT 2013;Thu Jan 08 17:27:31 COT 1970;0.6554509401321411;13.580.138.683.319.000;-0.9404440522193909;-0.21777813136577606;0.22649958729743958;-0.22631826996803284;0.9219819903373718;Thu Jan 08 17:27:31 COT 1970;0.7730250358581543;13.616.312.742.233.200;-1.062.597.393.989.560;-0.20749631524085999;-0.754927396774292;0.1961689293384552;0.5903792381286621
0;Wed Aug 21 08:54:19 COT 2013;Thu Jan 08 17:28:34 COT 1970;0.644253134727478;13.489.660.024.642.900;-0.9622576832771301;-0.23921756446361542;0.1867799311876297;-0.2224489450454712;0.9265012741088867;Thu Jan 08 17:28:34 COT 1970;0.7671472430229187;13.486.645.221.710.200;-10.815.857.648.849.400;-0.2078378051519394;-0.7842636108398438;0.24659493565559387;0.5300235748291016
0;Wed Aug 21 08:54:24 COT 2013;Thu Jan 08 17:28:39 COT 1970;0.6461265087127686;13.515.692.949.295.000;-0.956217348575592;-0.22936753928661346;0.19076655805110931;-0.23085814714431763;0.9261226654052734;Thu Jan 08 17:28:39 COT 1970;0.7676084041595459;13.484.315.872.192.300;-1.077.111.005.783.080;-0.21736378967761993;-0.780238687992096;0.24898014962673187;0.5310267806053162
0;Wed Aug 21 08:54:30 COT 2013;Thu Jan 08 17:28:44 COT 1970;0.6466596126556396;13.521.939.516.067.500;-0.957935631275177;-0.23513849079608917;0.1994621306657791;-0.23545923829078674;0.921674370765686;Thu Jan 08 17:28:44 COT 1970;0.7646052837371826;13.464.094.400.405.800;-10.805.883.407.592.700;-0.21435262262821198;-0.7745279669761658;0.2581526041030884;0.5362057089805603
0;Wed Aug 21 08:54:35 COT 2013;Thu Jan 08 17:28:49 COT 1970;0.6447023153305054;13.509.819.507.598.800;-0.968066930770874;-0.2446712702512741;0.19841168820858002;-0.24237872660160065;0.9176172018051147;Thu Jan 08 17:28:49 COT 1970;0.7617365121841431;13.434.542.417.526.200;-10.897.904.634.475.700;-0.2165236622095108;-0.7763048410415649;0.24817179143428802;0.5374746322631836
0;Wed Aug 21 08:54:40 COT 2013;Thu Jan 08 17:28:54 COT 1970;0.6477746367454529;13.517.159.223.556.500;-0.9714929461479187;-0.24994505941867828;0.2012360394001007;-0.24633504450321198;0.9145220518112183;Thu Jan 08 17:28:54 COT 1970;0.7639704942703247;13.414.950.370.788.500;-10.938.400.030.136.100;-0.2227490395307541;-0.7746578454971313;0.25347623229026794;0.5348250865936279
0;Wed Aug 21 08:54:45 COT 2013;Thu Jan 08 17:28:59 COT 1970;0.6498423218727112;13.529.889.583.587.600;-0.9705995917320251;-0.2484501600265503;0.20354126393795013;-0.25207993388175964;0.9128522276878357;Thu Jan 08 17:28:59 COT 1970;0.7641233205795288;13.414.366.245.269.700;-1.093.569.040.298.460;-0.23008735477924347;-0.7685489058494568;0.2569705545902252;0.5388492345809937
0;Wed Aug 21 08:54:50 COT 2013;Thu Jan 08 17:29:04 COT 1970;0.6511054039001465;1.353.628.396.987.910;-0.9700530171394348;-0.24724537134170532;0.20350193977355957;-0.2542136311531067;0.9125964045524597;Thu Jan 08 17:29:04 COT 1970;0.7656750679016113;13.417.818.546.295.100;-1.092.442.512.512.200;-0.2290326952934265;-0.7693297863006592;0.2581225633621216;0.5376322865486145
0;Wed Aug 21 08:54:55 COT 2013;Thu Jan 08 17:29:09 COT 1970;0.6597347259521484;13.563.120.365.142.800;-0.9740275740623474;-0.24780215322971344;0.20439894497394562;-0.2735533118247986;0.9066330790519714;Thu Jan 08 17:29:09 COT 1970;0.773584246635437;13.396.276.235.580.400;-10.969.301.462.173.400;-0.23473027348518372;-0.7734993696212769;0.2503316104412079;0.5328549742698669
0;Wed Aug 21 08:55:00 COT 2013;Thu Jan 08 17:29:14 COT 1970;0.6615051031112671;1.357.142.448.425.290;-0.9724291563034058;-0.24806618690490723;0.20738588273525238;-0.27630841732025146;0.9050458073616028;Thu Jan 08 17:29:14 COT 1970;0.7743762135505676;13.404.250.144.958.400;-10.952.813.625.335.600;-0.23284141719341278;-0.7726656794548035;0.24889534711837769;0.5355592370033264
0;Wed Aug 21 08:55:05 COT 2013;Thu Jan 08 17:29:19 COT 1970;0.6697778701782227;13.611.736.297.607.400;-0.9639474749565125;-0.2293478399515152;0.21819591522216797;-0.2861010730266571;0.9043982625007629;Thu Jan 08 17:29:19 COT 1970;0.7812561988830566;13.478.249.311.447.100;-10.861.719.846.725.400;-0.22027140855789185;-0.7757322192192078;0.22213581204414368;0.5480653643608093
0;Wed Aug 21 08:55:28 COT 2013;Thu Jan 08 17:29:42 COT 1970;0.6665928959846497;13.612.947.463.989.200;-0.9528687596321106;-0.20832408964633942;0.1933816373348236;-0.26933789253234863;0.9201422333717346;Thu Jan 08 17:29:42 COT 1970;0.7905012369155884;13.525.136.709.213.200;-10.731.549.263.000.400;-0.25921207666397095;-0.7642335891723633;0.24464960396289825;0.5374966263771057
0;Wed Aug 21 08:55:32 COT 2013;Thu Jan 08 17:29:47 COT 1970;0.6706598997116089;13.631.305.694.580.000;-0.9489015340805054;-0.20168952643871307;0.18796996772289276;-0.2811955213546753;0.9191941022872925;Thu Jan 08 17:29:47 COT 1970;0.7978435158729553;1.355.116.844.177.240;-1.063.914.179.801.940;-0.2615070044994354;-0.7741574048995972;0.22454825043678284;0.530916690826416
0;Wed Aug 21 08:55:38 COT 2013;Thu Jan 08 17:29:52 COT 1970;0.6694582104682922;13.629.716.634.750.300;-0.948188304901123;-0.2008337378501892;0.18930649757385254;-0.27734270691871643;0.9202770590782166;Thu Jan 08 17:29:52 COT 1970;0.7961443066596985;1.354.216.456.413.260;-10.639.984.607.696.500;-0.2606912851333618;-0.7718294858932495;0.22977595031261444;0.5324680805206299
0;Wed Aug 21 08:55:43 COT 2013;Thu Jan 08 17:29:57 COT 1970;0.6709955930709839;13.634.191.751.480.100;-0.9499433636665344;-0.20206286013126373;0.18926580250263214;-0.28182557225227356;0.9186530113220215;Thu Jan 08 17:29:57 COT 1970;0.797422468662262;1.353.132.724.761.960;-1.066.084.861.755.370;-0.2627284824848175;-0.7739359140396118;0.23176655173301697;0.5275236964225769
0;Wed Aug 21 08:55:48 COT 2013;Thu Jan 08 17:30:02 COT 1970;0.6695791482925415;1.362.785.816.192.620;-0.9512887001037598;-0.2021772563457489;0.1891697198152542;-0.2792752683162689;0.9194261431694031;Thu Jan 08 17:30:02 COT 1970;0.7964859008789062;13.514.999.151.229.800;-10.680.211.782.455.400;-0.25793296098709106;-0.7757816314697266;0.24000439047813416;0.5234799385070801
0;Wed Aug 21 08:55:53 COT 2013;Thu Jan 08 17:30:07 COT 1970;0.6700067520141602;13.625.359.535.217.200;-0.9530379176139832;-0.20459909737110138;0.18878009915351868;-0.2787718176841736;0.9191232919692993;Thu Jan 08 17:30:07 COT 1970;0.7963479161262512;1.350.551.962.852.470;-10.697.282.552.719.100;-0.2569146454334259;-0.7749446630477905;0.24315331876277924;0.5237672328948975
0;Wed Aug 21 08:55:58 COT 2013;Thu Jan 08 17:30:12 COT 1970;0.6715823411941528;13.628.937.005.996.700;-0.9554334878921509;-0.20003032684326172;0.18332676589488983;-0.28281867504119873;0.9199960827827454;Thu Jan 08 17:30:12 COT 1970;0.7991219758987427;13.514.666.557.312.000;-10.713.752.508.163.400;-0.2751287817955017;-0.7664960026741028;0.22894607484340668;0.5332651734352112
0;Wed Aug 21 08:56:03 COT 2013;Thu Jan 08 17:30:17 COT 1970;0.6692511439323425;13.620.401.620.864.800;-0.9564547538757324;-0.20672912895679474;0.1838189959526062;-0.28144028782844543;0.9188388586044312;Thu Jan 08 17:30:17 COT 1970;0.7963614463806152;13.477.182.388.305.600;-10.727.797.746.658.300;-0.26722702383995056;-0.7711837291717529;0.24866579473018646;0.5215656757354736
0;Wed Aug 21 08:56:08 COT 2013;Thu Jan 08 17:30:22 COT 1970;0.6773535013198853;13.638.386.726.379.300;-0.9622790813446045;-0.21145665645599365;0.18437765538692474;-0.29334557056427;0.9139142632484436;Thu Jan 08 17:30:22 COT 1970;0.8038698434829712;13.463.292.121.887.200;-1.076.999.306.678.770;-0.2698471248149872;-0.7728859186172485;0.2450937181711197;0.5193833112716675
0;Wed Aug 21 08:56:13 COT 2013;Thu Jan 08 17:30:27 COT 1970;0.6708232760429382;13.623.502.254.486.000;-0.9598333239555359;-0.20884087681770325;0.18448011577129364;-0.2847224771976471;0.9172163009643555;Thu Jan 08 17:30:27 COT 1970;0.7974114418029785;13.460.330.963.134.700;-10.763.932.466.506.900;-0.2700464129447937;-0.7705301642417908;0.2509285509586334;0.5199933052062988
0;Wed Aug 21 08:56:31 COT 2013;Thu Jan 08 17:30:46 COT 1970;0.6459262371063232;13.450.020.551.681.500;-0.9545028805732727;-0.25155967473983765;0.19634975492954254;-0.20505709946155548;0.9252654314041138;Thu Jan 08 17:30:46 COT 1970;0.7643519639968872;13.442.623.615.264.800;-10.780.140.161.514.200;-0.22298382222652435;-0.7460072636604309;0.29575279355049133;0.5534271597862244
0;Wed Aug 21 08:56:37 COT 2013;Thu Jan 08 17:30:51 COT 1970;0.664628803730011;1.352.446.436.882.010;-0.9661553502082825;-0.25456440448760986;0.18935225903987885;-0.24543026089668274;0.9160276651382446;Thu Jan 08 17:30:51 COT 1970;0.7837452292442322;13.437.899.351.119.900;-10.846.704.244.613.600;-0.2313014715909958;-0.7540904879570007;0.27015170454978943;0.5521461963653564
0;Wed Aug 21 08:56:42 COT 2013;Thu Jan 08 17:30:56 COT 1970;0.6594305634498596;13.504.201.173.782.300;-0.9689881801605225;-0.2594030499458313;0.18732087314128876;-0.24346235394477844;0.9156128764152527;Thu Jan 08 17:30:56 COT 1970;0.778379499912262;1.342.238.426.208.490;-1.087.059.736.251.830;-0.2256203591823578;-0.7548724412918091;0.27679243683815;0.5501354932785034
0;Wed Aug 21 08:56:47 COT 2013;Thu Jan 08 17:31:01 COT 1970;0.6584085822105408;13.509.373.664.855.900;-0.964924156665802;-0.2528930604457855;0.18583188951015472;-0.24707168340682983;0.9167700409889221;Thu Jan 08 17:31:01 COT 1970;0.7781054973602295;13.413.008.451.461.700;-10.851.035.118.103.000;-0.24262523651123047;-0.7593373656272888;0.26574423909187317;0.5421436429023743
0;Wed Aug 21 08:56:52 COT 2013;Thu Jan 08 17:31:06 COT 1970;0.6610055565834045;1.352.247.714.996.330;-0.9646795988082886;-0.24956466257572174;0.18644601106643677;-0.25102242827415466;0.9164841771125793;Thu Jan 08 17:31:06 COT 1970;0.7803889513015747;13.419.337.272.644.000;-10.848.551.988.601.600;-0.2399478554725647;-0.7584468722343445;0.2646847069263458;0.5450921058654785
0;Wed Aug 21 08:56:57 COT 2013;Thu Jan 08 17:31:11 COT 1970;0.6601665019989014;13.525.644.540.786.700;-0.9638426303863525;-0.24830998480319977;0.1880895048379898;-0.2530509829521179;0.915930986404419;Thu Jan 08 17:31:11 COT 1970;0.7787085175514221;13.426.940.441.131.500;-1.083.953.619.003.290;-0.24126189947128296;-0.7601297497749329;0.2604215443134308;0.5442205667495728
0;Wed Aug 21 08:57:02 COT 2013;Thu Jan 08 17:31:16 COT 1970;0.6595391035079956;13.525.394.201.278.600;-0.9628869295120239;-0.2484416663646698;0.18793515861034393;-0.2516811490058899;0.9163042902946472;Thu Jan 08 17:31:16 COT 1970;0.7779667973518372;13.429.574.966.430.600;-1.083.018.183.708.190;-0.23960332572460175;-0.7605819702148438;0.2602408826351166;0.5444079637527466
0;Wed Aug 21 08:57:07 COT 2013;Thu Jan 08 17:31:21 COT 1970;0.6624366641044617;13.540.277.481.079.100;-0.9638375639915466;-0.24715448915958405;0.18872258067131042;-0.25809213519096375;0.9147059321403503;Thu Jan 08 17:31:21 COT 1970;0.7813836932182312;13.430.546.522.140.500;-10.839.240.550.994.800;-0.24072924256324768;-0.7635270953178406;0.25722944736480713;0.5412105321884155
0;Wed Aug 21 08:57:12 COT 2013;Thu Jan 08 17:31:26 COT 1970;0.6602572798728943;1.353.546.380.996.700;-0.9637367129325867;-0.24565662443637848;0.1887577921152115;-0.25655925273895264;0.9155329465866089;Thu Jan 08 17:31:26 COT 1970;0.7781887650489807;13.419.216.871.261.500;-10.834.288.597.106.900;-0.22806954383850098;-0.7598345279693604;0.2702729105949402;0.5455165505409241
0;Wed Aug 21 08:57:17 COT 2013;Thu Jan 08 17:31:31 COT 1970;0.6574783325195312;13.532.180.786.132.800;-0.9637547135353088;-0.24185961484909058;0.19277311861515045;-0.25167348980903625;0.9170621037483215;Thu Jan 08 17:31:31 COT 1970;0.7763874530792236;1.341.526.985.168.450;-10.848.129.987.716.600;-0.24200712144374847;-0.7604386210441589;0.2660224735736847;0.5407381057739258
0;Wed Aug 21 08:57:36 COT 2013;Thu Jan 08 17:31:51 COT 1970;0.6527523398399353;13.503.482.341.766.300;-0.9506202936172485;-0.2488994598388672;0.22783054411411285;-0.2036784291267395;0.9190524220466614;Thu Jan 08 17:31:51 COT 1970;0.7660883069038391;13.513.751.029.968.200;-10.804.718.732.833.800;-0.22723595798015594;-0.737404465675354;0.2574216425418854;0.5816636681556702
0;Wed Aug 21 08:57:41 COT 2013;Thu Jan 08 17:31:56 COT 1970;0.6760876774787903;13.627.080.917.358.300;-0.940814197063446;-0.22163860499858856;0.23828160762786865;-0.24903519451618195;0.9121840000152588;Thu Jan 08 17:31:56 COT 1970;0.7859340906143188;13.563.340.902.328.400;-10.689.382.553.100.500;-0.21408392488956451;-0.7556565403938293;0.2306899130344391;0.5743982791900635
0;Wed Aug 21 08:57:46 COT 2013;Thu Jan 08 17:32:01 COT 1970;0.6740298271179199;1.362.013.578.414.910;-0.9423703551292419;-0.21282224357128143;0.2335684597492218;-0.24892841279506683;0.9155256152153015;Thu Jan 08 17:32:01 COT 1970;0.7867906093597412;13.558.417.558.670.000;-10.712.729.692.459.100;-0.22948074340820312;-0.7534927725791931;0.22653047740459442;0.5729495882987976
0;Wed Aug 21 08:57:52 COT 2013;Thu Jan 08 17:32:06 COT 1970;0.6741051077842712;13.621.476.888.656.600;-0.9443612098693848;-0.21839536726474762;0.23433256149291992;-0.2524470090866089;0.9130511283874512;Thu Jan 08 17:32:06 COT 1970;0.7863313555717468;13.544.803.857.803.300;-10.727.136.135.101.300;-0.2295818030834198;-0.7525781393051147;0.22907143831253052;0.5731008052825928
0;Wed Aug 21 08:57:57 COT 2013;Thu Jan 08 17:32:11 COT 1970;0.6726746559143066;13.625.144.958.496.000;-0.9403848052024841;-0.21350908279418945;0.23676124215126038;-0.2504391372203827;0.9141324758529663;Thu Jan 08 17:32:11 COT 1970;0.7840085029602051;13.551.898.002.624.500;-10.691.545.009.613.000;-0.22679246962070465;-0.7512822151184082;0.23028527200222015;0.5754205584526062
0;Wed Aug 21 08:58:01 COT 2013;Thu Jan 08 17:32:16 COT 1970;0.6727951169013977;13.627.241.849.899.200;-0.9439178109169006;-0.2169216424226761;0.23840908706188202;-0.25536754727363586;0.9115335941314697;Thu Jan 08 17:32:16 COT 1970;0.7843084335327148;13.549.714.088.439.900;-1.072.733.998.298.640;-0.24016566574573517;-0.7519635558128357;0.2238156795501709;0.5716447234153748
0;Wed Aug 21 08:58:07 COT 2013;Thu Jan 08 17:32:21 COT 1970;0.6708742380142212;1.362.370.252.609.250;-0.9411931037902832;-0.21631836891174316;0.24197490513324738;-0.2515588402748108;0.9117963314056396;Thu Jan 08 17:32:21 COT 1970;0.7812927961349487;13.547.344.207.763.600;-10.711.232.423.782.300;-0.23872113227844238;-0.7493537664413452;0.22838647663593292;0.573864758014679
0;Wed Aug 21 08:58:12 COT 2013;Thu Jan 08 17:32:26 COT 1970;0.6696213483810425;13.624.930.381.774.900;-0.9371531009674072;-0.21259570121765137;0.2455652356147766;-0.24864493310451508;0.9125111103057861;Thu Jan 08 17:32:26 COT 1970;0.779647946357727;13.555.101.156.234.700;-10.682.398.080.825.800;-0.23942500352859497;-0.7485026121139526;0.22738578915596008;0.5750784277915955
0;Wed Aug 21 08:58:17 COT 2013;Thu Jan 08 17:32:31 COT 1970;0.6691831946372986;13.622.772.693.634.000;-0.9375973343849182;-0.2134745568037033;0.2459186166524887;-0.24808290600776672;0.9123637080192566;Thu Jan 08 17:32:31 COT 1970;0.7790250778198242;13.555.166.721.343.900;-10.687.154.531.478.800;-0.23840323090553284;-0.7480367422103882;0.22708161175251007;0.576228141784668
0;Wed Aug 21 08:58:22 COT 2013;Thu Jan 08 17:32:36 COT 1970;0.6661660671234131;13.614.754.676.818.800;-0.9364024996757507;-0.21181172132492065;0.2446335405111313;-0.24029360711574554;0.9151771664619446;Thu Jan 08 17:32:36 COT 1970;0.7749665975570679;13.540.164.232.254.000;-10.676.947.832.107.500;-0.22432999312877655;-0.7444721460342407;0.24108898639678955;0.5807867646217346
0;Wed Aug 21 09:04:39 COT 2013;Thu Jan 08 17:38:54 COT 1970;0.6011164784431458;13.034.839.630.126.900;-0.9205050468444824;-0.3096293807029724;0.24009288847446442;-0.11597324162721634;0.9127076864242554;Thu Jan 08 17:38:54 COT 1970;0.6817421913146973;13.380.634.784.698.400;-1.057.867.407.798.760;0.27854490280151367;0.39374467730522156;0.8726757764816284;0.07625596225261688
0;Wed Aug 21 09:04:45 COT 2013;Thu Jan 08 17:38:59 COT 1970;0.6069501042366028;1.309.861.421.585.080;-0.9177334904670715;-0.30568212270736694;0.24915094673633575;-0.12981055676937103;0.9097425937652588;Thu Jan 08 17:38:59 COT 1970;0.688158392906189;1.343.244.194.984.430;-10.546.972.751.617.400;0.2843221426010132;0.3819696009159088;0.8750255703926086;0.08712314814329147
0;Wed Aug 21 09:04:50 COT 2013;Thu Jan 08 17:39:04 COT 1970;0.6068624258041382;13.105.461.597.442.600;-0.9157990217208862;-0.30108460783958435;0.24902303516864777;-0.13263460993766785;0.9109026789665222;Thu Jan 08 17:39:04 COT 1970;0.6884364485740662;13.450.180.292.129.500;-10.519.790.649.414.000;0.2829303741455078;0.378289133310318;0.8771828413009644;0.08601228147745132
0;Wed Aug 21 09:04:55 COT 2013;Thu Jan 08 17:39:09 COT 1970;0.6072195172309875;13.111.110.925.674.400;-0.9144850969314575;-0.3020290434360504;0.24974077939987183;-0.13441266119480133;0.9101325869560242;Thu Jan 08 17:39:09 COT 1970;0.6882078051567078;13.437.895.774.841.300;-1.051.803.469.657.890;0.28337353467941284;0.38527050614356995;0.8739219307899475;0.08675564080476761
0;Wed Aug 21 09:05:00 COT 2013;Thu Jan 08 17:39:14 COT 1970;0.6072698831558228;1.311.245.322.227.470;-0.9104134440422058;-0.2968970537185669;0.2519201338291168;-0.13195057213306427;0.9115796089172363;Thu Jan 08 17:39:14 COT 1970;0.6874526739120483;13.440.864.086.151.100;-10.488.684.177.398.600;0.28450843691825867;0.38873395323753357;0.8721737861633301;0.0851694643497467
0;Wed Aug 21 09:05:05 COT 2013;Thu Jan 08 17:39:19 COT 1970;0.6045743227005005;13.095.966.577.529.900;-0.9137523174285889;-0.301005482673645;0.24933499097824097;-0.13065408170223236;0.9111296534538269;Thu Jan 08 17:39:19 COT 1970;0.6845009326934814;13.424.718.379.974.300;-10.519.298.315.048.200;0.2836187779903412;0.3901524543762207;0.8721444010734558;0.08188791573047638
0;Wed Aug 21 09:05:10 COT 2013;Thu Jan 08 17:39:24 COT 1970;0.6079681515693665;1.311.713.695.526.120;-0.9141563177108765;-0.30343097448349;0.25104233622550964;-0.13744591176509857;0.9088542461395264;Thu Jan 08 17:39:24 COT 1970;0.6884440183639526;13.441.917.896.270.700;-10.513.304.471.969.600;0.2805098593235016;0.3862206041812897;0.8747015595436096;0.08393410593271255
0;Wed Aug 21 09:05:34 COT 2013;Thu Jan 08 17:39:48 COT 1970;0.5937895178794861;12.786.420.583.724.900;-0.9377169013023376;-0.3168478310108185;0.19267955422401428;-0.05294565111398697;0.9271886348724365;Thu Jan 08 17:39:48 COT 1970;0.7710312604904175;14.176.241.159.439.000;-0.8475723266601562;-0.11971339583396912;0.8412355184555054;0.3033284544944763;0.43125784397125244
0;Wed Aug 21 09:05:38 COT 2013;Thu Jan 08 17:39:53 COT 1970;0.6039138436317444;12.851.274.013.519.200;-0.9522839784622192;-0.3218174874782562;0.18650981783866882;-0.0754229724407196;0.9251804947853088;Thu Jan 08 17:39:53 COT 1970;0.7847414612770081;14.197.481.870.651.200;-0.8596505522727966;-0.10227783769369125;0.846481442451477;0.2926417887210846;0.4328615367412567
0;Wed Aug 21 09:05:44 COT 2013;Thu Jan 08 17:39:58 COT 1970;0.6032766699790955;12.872.899.770.736.600;-0.9479427337646484;-0.3110032379627228;0.18730132281780243;-0.07367181032896042;0.928852915763855;Thu Jan 08 17:39:58 COT 1970;0.7832024693489075;14.183.540.344.238.200;-0.8518826365470886;-0.09616230428218842;0.8447496294975281;0.30393674969673157;0.429852694272995
0;Wed Aug 21 09:05:49 COT 2013;Thu Jan 08 17:40:03 COT 1970;0.6019183397293091;12.895.350.456.237.700;-0.9494242072105408;-0.31142282485961914;0.18637476861476898;-0.08024199306964874;0.9283542037010193;Thu Jan 08 17:40:03 COT 1970;0.781449556350708;1.419.001.579.284.660;-0.8503916263580322;-0.09517380595207214;0.8360633254051208;0.3154347836971283;0.4386809766292572
0;Wed Aug 21 09:05:54 COT 2013;Thu Jan 08 17:40:08 COT 1970;0.6000127196311951;12.883.727.550.506.500;-0.9487770199775696;-0.31112900376319885;0.18776379525661469;-0.07711540162563324;0.9284377694129944;Thu Jan 08 17:40:08 COT 1970;0.7780091762542725;14.185.129.404.067.900;-0.8493243455886841;-0.09938713163137436;0.8327139019966125;0.320928156375885;0.44013041257858276
0;Wed Aug 21 09:05:59 COT 2013;Thu Jan 08 17:40:13 COT 1970;0.5988794565200806;1.287.545.084.953.300;-0.9593708515167236;-0.3225637674331665;0.18396058678627014;-0.08097977936267853;0.924961268901825;Thu Jan 08 17:40:13 COT 1970;0.773613691329956;14.198.449.850.082.300;-0.8594430088996887;-0.11304977536201477;0.8264980316162109;0.32088157534599304;0.4485039710998535
0;Wed Aug 21 09:06:04 COT 2013;Thu Jan 08 17:40:18 COT 1970;0.6087379455566406;12.989.223.003.387.400;-0.9549800157546997;-0.30961498618125916;0.19799497723579407;-0.10386019200086594;0.9242022037506104;Thu Jan 08 17:40:18 COT 1970;0.788451075553894;14.212.347.269.058.200;-0.8575542569160461;-0.09948205947875977;0.8311523795127869;0.3114608824253082;0.4497567415237427
0;Wed Aug 21 09:06:09 COT 2013;Thu Jan 08 17:40:23 COT 1970;0.6192045211791992;13.076.531.887.054.400;-0.9544579982757568;-0.3044542074203491;0.22250494360923767;-0.12029210478067398;0.9183294177055359;Thu Jan 08 17:40:23 COT 1970;0.8103481531143188;14.189.538.955.688.400;-0.8599395751953125;-0.06959886103868484;0.8337839245796204;0.3002319037914276;0.45806241035461426
