1;Wed Jul 16 09:19:59 COT 2014;Tue Jan 06 13:46:22 COT 1970;0.11838110536336899;0.11275137960910797;-0.7064882516860962;-0.17925947904586792;0.5909764766693115;0.32426080107688904;0.7165666818618774;Tue Jan 06 13:46:22 COT 1970;-0.03887402266263962;0.22684265673160553;-0.9549486041069031;0.17317576706409454;0.5413873791694641;-0.5453316569328308;0.6160545349121094;
2;Wed Jul 16 09:20:09 COT 2014;Tue Jan 06 13:46:32 COT 1970;0.12018602341413498;0.11387220025062561;-0.7040730118751526;-0.17637255787849426;0.5915236473083496;0.32534316182136536;0.7163408994674683;Tue Jan 06 13:46:32 COT 1970;0.16214072704315186;0.020460564643144608;-0.9140684604644775;0.6701350808143616;0.08831609040498734;-0.3584720492362976;0.6439076662063599;
3;Wed Jul 16 09:20:19 COT 2014;Tue Jan 06 13:46:42 COT 1970;0.1188972219824791;0.11186974495649338;-0.7148808836936951;-0.1859571933746338;0.5889319777488708;0.3220535218715668;0.7175377607345581;Tue Jan 06 13:46:42 COT 1970;0.150438129901886;0.015790067613124847;-0.5077196955680847;-0.6325174570083618;-0.6429242491722107;0.3450242578983307;0.2598620653152466;
4;Wed Jul 16 09:20:29 COT 2014;Tue Jan 06 13:46:52 COT 1970;0.11785800009965897;0.11085370182991028;-0.7135868668556213;-0.18519213795661926;0.5898520946502686;0.3259296119213104;0.7152260541915894;Tue Jan 06 13:46:52 COT 1970;0.03784002736210823;-0.02940846048295498;-0.706464409828186;0.3037026524543762;0.41254088282585144;-0.5727770328521729;0.6399226784706116;
0;Wed Jul 16 09:21:00 COT 2014;Tue Jan 06 13:47:23 COT 1970;0.1723562777042389;0.15886063873767853;-0.7065383791923523;-0.11668165028095245;0.6512274742126465;0.23807309567928314;0.7110621333122253;Tue Jan 06 13:47:23 COT 1970;0.386189728975296;0.21440938115119934;-0.6150311827659607;-0.04300110414624214;-0.9649235010147095;-0.028978444635868073;0.25735917687416077;
0;Wed Jul 16 09:21:05 COT 2014;Tue Jan 06 13:47:28 COT 1970;0.16210411489009857;0.14895440638065338;-0.755590558052063;-0.1594066321849823;0.6299216747283936;0.23225699365139008;0.7237713932991028;Tue Jan 06 13:47:28 COT 1970;0.3766082227230072;0.21974918246269226;-0.6548848748207092;-0.04291148856282234;-0.9729563593864441;-7.846833905205131E-4;0.2269667387008667;
0;Wed Jul 16 09:21:10 COT 2014;Tue Jan 06 13:47:33 COT 1970;0.16609565913677216;0.15384773910045624;-0.688109815120697;-0.11025234311819077;0.6489573121070862;0.26223647594451904;0.7056421637535095;Tue Jan 06 13:47:33 COT 1970;0.3916914463043213;0.20885883271694183;-0.5970091223716736;-0.0602174736559391;-0.9603345394134521;-0.06196003407239914;0.26512712240219116;
0;Wed Jul 16 09:21:15 COT 2014;Tue Jan 06 13:47:38 COT 1970;0.16503088176250458;0.1530941128730774;-0.6980079412460327;-0.11777365207672119;0.6430447697639465;0.25974175333976746;0.7107439637184143;Tue Jan 06 13:47:38 COT 1970;0.4139290750026703;0.2043529599905014;-0.6091915965080261;-0.09445908665657043;-0.9437329173088074;-0.06781429797410965;0.3095914423465729;
0;Wed Jul 16 09:21:20 COT 2014;Tue Jan 06 13:47:43 COT 1970;0.15810135006904602;0.14669069647789001;-0.7364426851272583;-0.14973367750644684;0.6267909407615662;0.24585407972335815;0.7240639328956604;Tue Jan 06 13:47:43 COT 1970;0.3397287428379059;0.20892615616321564;-0.6191567182540894;-0.007726138923317194;-0.9848289489746094;-0.05995192378759384;0.16265951097011566;
0;Wed Jul 16 09:21:25 COT 2014;Tue Jan 06 13:47:48 COT 1970;0.15750133991241455;0.14834697544574738;-0.6943070888519287;-0.11414438486099243;0.6275281310081482;0.2766207754611969;0.7187909483909607;Tue Jan 06 13:47:48 COT 1970;0.411528617143631;0.20263147354125977;-0.604874849319458;-0.10023148357868195;-0.9402549266815186;-0.06580192595720291;0.31866011023521423;
0;Wed Jul 16 09:21:30 COT 2014;Tue Jan 06 13:47:53 COT 1970;0.1501234769821167;0.14299188554286957;-0.7338539361953735;-0.1532411277294159;0.6209090352058411;0.2586365044116974;0.7239449620246887;Tue Jan 06 13:47:53 COT 1970;0.3692310154438019;0.21108141541481018;-0.6221768856048584;-0.04141087830066681;-0.9760828614234924;-0.03224688395857811;0.2109685242176056;
0;Wed Jul 16 09:21:35 COT 2014;Tue Jan 06 13:47:58 COT 1970;0.14561089873313904;0.13987529277801514;-0.7042112946510315;-0.13373123109340668;0.6324881911277771;0.28183892369270325;0.7089720964431763;Tue Jan 06 13:47:58 COT 1970;0.37277165055274963;0.2072952538728714;-0.60596764087677;-0.030962808057665825;-0.9683563709259033;-0.03384465351700783;0.2453199177980423;
0;Wed Jul 16 09:21:40 COT 2014;Tue Jan 06 13:48:03 COT 1970;0.1426571160554886;0.13928775489330292;-0.7215993404388428;-0.15401332080364227;0.6202456951141357;0.2690914571285248;0.7205310463905334;Tue Jan 06 13:48:03 COT 1970;0.3635169267654419;0.21117736399173737;-0.6130111813545227;-0.03767788037657738;-0.9711346626281738;-0.03935568034648895;0.23222613334655762;
0;Wed Jul 16 09:21:45 COT 2014;Tue Jan 06 13:48:08 COT 1970;0.16168202459812164;0.1495382934808731;-0.7528923153877258;-0.16145813465118408;0.6351012587547302;0.2284887135028839;0.7199795842170715;Tue Jan 06 13:48:08 COT 1970;0.3831561505794525;0.214737206697464;-0.6450462341308594;-0.06420762836933136;-0.9745872616767883;-0.027171596884727478;0.21288205683231354;
0;Wed Jul 16 09:23:01 COT 2014;Tue Jan 06 13:49:24 COT 1970;0.15373647212982178;0.14061841368675232;-0.6482113003730774;-0.09267449378967285;0.7079594135284424;0.30169299244880676;0.6318119168281555;Tue Jan 06 13:49:24 COT 1970;0.3941975235939026;0.2017161250114441;-0.5977081656455994;-0.06165332347154617;-0.9399799704551697;-0.060349367558956146;0.3301430940628052;
0;Wed Jul 16 09:23:06 COT 2014;Tue Jan 06 13:49:29 COT 1970;0.15509065985679626;0.14359119534492493;-0.6745421290397644;-0.1088612750172615;0.6971178650856018;0.28323662281036377;0.6495790481567383;Tue Jan 06 13:49:29 COT 1970;0.3910846710205078;0.20712143182754517;-0.6140076518058777;-0.05715717002749443;-0.9560768008232117;-0.03942003473639488;0.28477397561073303;
0;Wed Jul 16 09:23:11 COT 2014;Tue Jan 06 13:49:34 COT 1970;0.14955562353134155;0.1409367322921753;-0.655410885810852;-0.09686481952667236;0.6840421557426453;0.3006003797054291;0.6575278639793396;Tue Jan 06 13:49:34 COT 1970;0.38734570145606995;0.20047038793563843;-0.5874864459037781;-0.04642675071954727;-0.949320375919342;-0.07300835847854614;0.30216750502586365;
0;Wed Jul 16 09:23:16 COT 2014;Tue Jan 06 13:49:39 COT 1970;0.15107810497283936;0.14262720942497253;-0.6585742831230164;-0.09724265336990356;0.6843776106834412;0.29535022377967834;0.65949946641922;Tue Jan 06 13:49:39 COT 1970;0.38856884837150574;0.20128144323825836;-0.5903300046920776;-0.045409463346004486;-0.9507269263267517;-0.06980592757463455;0.29863592982292175;
0;Wed Jul 16 09:23:21 COT 2014;Tue Jan 06 13:49:44 COT 1970;0.15152579545974731;0.1431243121623993;-0.6613231897354126;-0.0984167605638504;0.6834572553634644;0.29399800300598145;0.6608823537826538;Tue Jan 06 13:49:44 COT 1970;0.38839489221572876;0.20199912786483765;-0.5917590856552124;-0.04461771994829178;-0.9520041942596436;-0.06999188661575317;0.2946155369281769;
0;Wed Jul 16 09:23:26 COT 2014;Tue Jan 06 13:49:49 COT 1970;0.1526716649532318;0.14419865608215332;-0.664868175983429;-0.10040105879306793;0.683491051197052;0.28980380296707153;0.6623997092247009;Tue Jan 06 13:49:49 COT 1970;0.3892146050930023;0.20258177816867828;-0.594406247138977;-0.044119760394096375;-0.9537960886955261;-0.06759782880544662;0.2894080877304077;
0;Wed Jul 16 09:23:31 COT 2014;Tue Jan 06 13:49:54 COT 1970;0.15429314970970154;0.14567598700523376;-0.6671984195709229;-0.10019662976264954;0.6829254627227783;0.28509142994880676;0.6650536060333252;Tue Jan 06 13:49:54 COT 1970;0.3911113739013672;0.20285958051681519;-0.5960186719894409;-0.04364333301782608;-0.9542229771614075;-0.06723923236131668;0.288153737783432;
0;Wed Jul 16 09:23:36 COT 2014;Tue Jan 06 13:49:59 COT 1970;0.15056335926055908;0.1440153270959854;-0.6693440079689026;-0.1039305031299591;0.6830762624740601;0.28617653250694275;0.6638585329055786;Tue Jan 06 13:49:59 COT 1970;0.386203795671463;0.20300547778606415;-0.5973560810089111;-0.03958112373948097;-0.9557942748069763;-0.06696546822786331;0.2835598587989807;
0;Wed Jul 16 09:23:41 COT 2014;Tue Jan 06 13:50:04 COT 1970;0.15315136313438416;0.14614593982696533;-0.6715442538261414;-0.10330190509557724;0.6821732521057129;0.28121182322502136;0.6669993996620178;Tue Jan 06 13:50:04 COT 1970;0.3898298740386963;0.2019263058900833;-0.5981451272964478;-0.05909422039985657;-0.9530957341194153;-0.06849969178438187;0.2888323664665222;
0;Wed Jul 16 09:23:46 COT 2014;Tue Jan 06 13:50:09 COT 1970;0.1541619896888733;0.14723901450634003;-0.6736575961112976;-0.10481675714254379;0.6832249760627747;0.27793243527412415;0.6670612096786499;Tue Jan 06 13:50:09 COT 1970;0.3908056318759918;0.2026222199201584;-0.6002236604690552;-0.059116873890161514;-0.9537082314491272;-0.0678064227104187;0.28696343302726746;
0;Wed Jul 16 09:24:06 COT 2014;Tue Jan 06 13:50:29 COT 1970;0.14875464141368866;0.14701473712921143;-0.7076877355575562;-0.13425211608409882;0.666886568069458;0.2557535767555237;0.6868979334831238;Tue Jan 06 13:50:29 COT 1970;0.3829497694969177;0.20410725474357605;-0.6174827218055725;-0.07024914026260376;-0.96435546875;-0.07692233473062515;0.24324196577072144;
0;Wed Jul 16 09:24:11 COT 2014;Tue Jan 06 13:50:34 COT 1970;0.13837310671806335;0.1406802535057068;-0.7148013114929199;-0.14377784729003906;0.6629930734634399;0.2632596492767334;0.6859027743339539;Tue Jan 06 13:50:34 COT 1970;0.3719995617866516;0.20485608279705048;-0.6240053176879883;-0.069514699280262;-0.9655353426933289;-0.029156295582652092;0.2491164207458496;
0;Wed Jul 16 09:24:16 COT 2014;Tue Jan 06 13:50:39 COT 1970;0.1317751407623291;0.1370266228914261;-0.7180675268173218;-0.1548631489276886;0.6642689108848572;0.26252925395965576;0.6825265884399414;Tue Jan 06 13:50:39 COT 1970;0.3976147472858429;0.18332459032535553;-0.6099980473518372;-0.08986423909664154;-0.9564465880393982;-0.03857722505927086;0.2750384509563446;
0;Wed Jul 16 09:24:21 COT 2014;Tue Jan 06 13:50:44 COT 1970;0.1297989785671234;0.13463690876960754;-0.7257168889045715;-0.16377593576908112;0.6612952947616577;0.26243337988853455;0.683370053768158;Tue Jan 06 13:50:44 COT 1970;0.3926280438899994;0.18442387878894806;-0.6139813661575317;-0.07478685677051544;-0.9585952758789062;-0.04382890462875366;0.2712583541870117;
0;Wed Jul 16 09:24:26 COT 2014;Tue Jan 06 13:50:49 COT 1970;0.14952147006988525;0.14797261357307434;-0.6858035922050476;-0.1168849915266037;0.6542748212814331;0.2679610848426819;0.697466254234314;Tue Jan 06 13:50:49 COT 1970;0.37078556418418884;0.20233720541000366;-0.5880914926528931;-0.048948075622320175;-0.9655799865722656;-0.09057662636041641;0.2388623058795929;
0;Wed Jul 16 09:24:31 COT 2014;Tue Jan 06 13:50:54 COT 1970;0.1526632308959961;0.15059518814086914;-0.7033838033676147;-0.12280219793319702;0.6500979661941528;0.2555725872516632;0.7049643993377686;Tue Jan 06 13:50:54 COT 1970;0.37647533416748047;0.20279835164546967;-0.6017894148826599;-0.03703385964035988;-0.9663073420524597;-0.07960204035043716;0.2419547140598297;
0;Wed Jul 16 09:24:35 COT 2014;Tue Jan 06 13:50:58 COT 1970;0.12817853689193726;0.13258865475654602;-0.7250856161117554;-0.1682322919368744;0.6402638554573059;0.26735517382621765;0.7002009153366089;Tue Jan 06 13:50:58 COT 1970;0.34485673904418945;0.20836661756038666;-0.6210187077522278;-0.004586837254464626;-0.9723255634307861;-0.04735241085290909;0.22873486578464508;
0;Wed Jul 16 09:24:41 COT 2014;Tue Jan 06 13:51:04 COT 1970;0.1444246619939804;0.14496959745883942;-0.6871846914291382;-0.11868294328451157;0.64650559425354;0.27733898162841797;0.7007337808609009;Tue Jan 06 13:51:04 COT 1970;0.37099364399909973;0.20314465463161469;-0.5913084745407104;-0.030208149924874306;-0.9588648080825806;-0.08080321550369263;0.2704377770423889;
0;Wed Jul 16 09:24:46 COT 2014;Tue Jan 06 13:51:09 COT 1970;0.1392768770456314;0.14231327176094055;-0.6867491602897644;-0.12095309048891068;0.6419625878334045;0.2792532742023468;0.7037556171417236;Tue Jan 06 13:51:09 COT 1970;0.3651673495769501;0.20045942068099976;-0.5869543552398682;-0.025040268898010254;-0.9609423875808716;-0.08000937849283218;0.2637445628643036;
0;Wed Jul 16 09:24:51 COT 2014;Tue Jan 06 13:51:14 COT 1970;0.13934481143951416;0.14228498935699463;-0.6790515184402466;-0.11526478826999664;0.6393332481384277;0.2848927974700928;0.7048426270484924;Tue Jan 06 13:51:14 COT 1970;0.3624020516872406;0.1996876746416092;-0.577322781085968;-0.010568500496447086;-0.9640583395957947;-0.08296260237693787;0.25218451023101807;
0;Wed Jul 16 09:25:12 COT 2014;Tue Jan 06 13:51:35 COT 1970;0.1555810421705246;0.15219616889953613;-0.6748643517494202;-0.09217540174722672;0.7072280049324036;0.2622082233428955;0.6500608325004578;Tue Jan 06 13:51:35 COT 1970;0.3972000181674957;0.1944122314453125;-0.6075642108917236;-0.08353333920240402;-0.940516471862793;-0.11130000650882721;0.3099406957626343;
0;Wed Jul 16 09:25:17 COT 2014;Tue Jan 06 13:51:40 COT 1970;0.15536074340343475;0.15222640335559845;-0.6763238310813904;-0.09435757249593735;0.6864925026893616;0.2638307809829712;0.6709828972816467;Tue Jan 06 13:51:40 COT 1970;0.39936143159866333;0.19579210877418518;-0.6026428937911987;-0.06632675230503082;-0.9368621706962585;-0.0990634635090828;0.3287499248981476;
0;Wed Jul 16 09:25:22 COT 2014;Tue Jan 06 13:51:45 COT 1970;0.15035609900951385;0.14890122413635254;-0.6744648218154907;-0.0968947783112526;0.6822043657302856;0.27176645398139954;0.6718271374702454;Tue Jan 06 13:51:45 COT 1970;0.3890278935432434;0.19616691768169403;-0.5964142680168152;-0.045818451792001724;-0.9416348338127136;-0.09963341057300568;0.31827279925346375;
0;Wed Jul 16 09:25:27 COT 2014;Tue Jan 06 13:51:50 COT 1970;0.14890699088573456;0.14859183132648468;-0.6809518337249756;-0.10317592322826385;0.6781994104385376;0.26970288157463074;0.6757667660713196;Tue Jan 06 13:51:50 COT 1970;0.3845098614692688;0.19798880815505981;-0.5994848608970642;-0.03614882007241249;-0.9432925581932068;-0.09883269667625427;0.31484055519104004;
0;Wed Jul 16 09:25:32 COT 2014;Tue Jan 06 13:51:55 COT 1970;0.14497223496437073;0.14670498669147491;-0.6845899820327759;-0.1094079241156578;0.6768685579299927;0.27062270045280457;0.675753116607666;Tue Jan 06 13:51:55 COT 1970;0.37760457396507263;0.20019564032554626;-0.6004934906959534;-0.01970290020108223;-0.943320631980896;-0.10986091941595078;0.31255191564559937;
0;Wed Jul 16 09:25:37 COT 2014;Tue Jan 06 13:52:00 COT 1970;0.14422552287578583;0.1465509831905365;-0.6889114379882812;-0.11248305439949036;0.6751702427864075;0.2674323320388794;0.6782128214836121;Tue Jan 06 13:52:00 COT 1970;0.37788325548171997;0.19950814545154572;-0.6044012904167175;-0.029496921226382256;-0.9463714957237244;-0.09783274680376053;0.3064958155155182;
0;Wed Jul 16 09:25:42 COT 2014;Tue Jan 06 13:52:05 COT 1970;0.14593395590782166;0.14761896431446075;-0.6875757575035095;-0.11069613695144653;0.6765950322151184;0.26660779118537903;0.6774111390113831;Tue Jan 06 13:52:05 COT 1970;0.3798629641532898;0.2001180350780487;-0.6030511260032654;-0.027284681797027588;-0.9454890489578247;-0.1071864441037178;0.30629563331604004;
0;Wed Jul 16 09:25:47 COT 2014;Tue Jan 06 13:52:10 COT 1970;0.1438702642917633;0.14666198194026947;-0.6895139813423157;-0.11360779404640198;0.6768238544464111;0.2665461003780365;0.676724374294281;Tue Jan 06 13:52:10 COT 1970;0.37719500064849854;0.20070350170135498;-0.6049395203590393;-0.023519331589341164;-0.946232795715332;-0.1049066111445427;0.30509838461875916;
0;Wed Jul 16 09:25:52 COT 2014;Tue Jan 06 13:52:15 COT 1970;0.14493638277053833;0.14745387434959412;-0.6920251250267029;-0.11489146947860718;0.6767990589141846;0.26456284523010254;0.6773104667663574;Tue Jan 06 13:52:15 COT 1970;0.3779106140136719;0.20134051144123077;-0.6069157719612122;-0.022996289655566216;-0.9472044706344604;-0.10308770835399628;0.3027339577674866;
0;Wed Jul 16 09:25:57 COT 2014;Tue Jan 06 13:52:20 COT 1970;0.14323590695858002;0.14736142754554749;-0.694291889667511;-0.11771142482757568;0.6765260696411133;0.2629099190235138;0.6777424216270447;Tue Jan 06 13:52:20 COT 1970;0.3758585453033447;0.20102663338184357;-0.607961118221283;-0.021241307258605957;-0.9479594826698303;-0.1042114719748497;0.30010247230529785;
0;Wed Jul 16 09:26:15 COT 2014;Tue Jan 06 13:52:38 COT 1970;0.13333287835121155;0.13930419087409973;-0.6840941905975342;-0.12155590206384659;0.6590901017189026;0.2835828959941864;0.6858608722686768;Tue Jan 06 13:52:38 COT 1970;0.3676515817642212;0.19246813654899597;-0.5862829089164734;-0.02588506042957306;-0.952688992023468;-0.11803369969129562;0.27889376878738403;
0;Wed Jul 16 09:26:20 COT 2014;Tue Jan 06 13:52:43 COT 1970;0.12903077900409698;0.1374979466199875;-0.6953234076499939;-0.12941613793373108;0.6555560827255249;0.28375840187072754;0.6877344846725464;Tue Jan 06 13:52:43 COT 1970;0.3613799512386322;0.19577816128730774;-0.5977075099945068;-0.01575648784637451;-0.9520342350006104;-0.10402372479438782;0.2873355746269226;
0;Wed Jul 16 09:26:25 COT 2014;Tue Jan 06 13:52:48 COT 1970;0.12787532806396484;0.13678093254566193;-0.6940687298774719;-0.1275227963924408;0.6530860066413879;0.28568151593208313;0.6896395087242126;Tue Jan 06 13:52:48 COT 1970;0.35847145318984985;0.19496949017047882;-0.5950143933296204;-0.010297968052327633;-0.952465295791626;-0.10390564054250717;0.2861948609352112;
0;Wed Jul 16 09:26:30 COT 2014;Tue Jan 06 13:52:53 COT 1970;0.1285589635372162;0.13711440563201904;-0.6949623823165894;-0.126957505941391;0.6531369686126709;0.28570446372032166;0.689686119556427;Tue Jan 06 13:52:53 COT 1970;0.3586711287498474;0.19505663216114044;-0.5955758690834045;-0.009973683394491673;-0.9538286924362183;-0.10488004237413406;0.2812676727771759;
0;Wed Jul 16 09:26:35 COT 2014;Tue Jan 06 13:52:58 COT 1970;0.12467646598815918;0.13467606902122498;-0.6984862089157104;-0.1320546269416809;0.6533432006835938;0.28742650151252747;0.6878155469894409;Tue Jan 06 13:52:58 COT 1970;0.3529664874076843;0.19588316977024078;-0.5990359783172607;-0.0043727559968829155;-0.956915020942688;-0.09699587523937225;0.27365368604660034;
0;Wed Jul 16 09:26:40 COT 2014;Tue Jan 06 13:53:03 COT 1970;0.12476447969675064;0.1354006975889206;-0.7007939219474792;-0.13435856997966766;0.6555458307266235;0.28334054350852966;0.6869683861732483;Tue Jan 06 13:53:03 COT 1970;0.355208158493042;0.19666698575019836;-0.6034196615219116;-0.013311767019331455;-0.9571356177330017;-0.09286946058273315;0.2740246057510376;
0;Wed Jul 16 09:26:45 COT 2014;Tue Jan 06 13:53:08 COT 1970;0.12407231330871582;0.13503612577915192;-0.6975437998771667;-0.1307767778635025;0.6556782722473145;0.2865327298641205;0.6862087249755859;Tue Jan 06 13:53:08 COT 1970;0.3542926013469696;0.1962330937385559;-0.6008076667785645;-0.013009441085159779;-0.9560852646827698;-0.09498997032642365;0.27696314454078674;
0;Wed Jul 16 09:26:50 COT 2014;Tue Jan 06 13:53:13 COT 1970;0.12121684849262238;0.1343747079372406;-0.7013431787490845;-0.13543961942195892;0.655146062374115;0.28456616401672363;0.6866308450698853;Tue Jan 06 13:53:13 COT 1970;0.35129693150520325;0.19660896062850952;-0.6040065884590149;-0.012196688912808895;-0.9566455483436584;-0.09390226751565933;0.27543237805366516;
0;Wed Jul 16 09:26:55 COT 2014;Tue Jan 06 13:53:18 COT 1970;0.1261967569589615;0.1372976303100586;-0.7025205492973328;-0.13514935970306396;0.6575103998184204;0.2784665822982788;0.6869286894798279;Tue Jan 06 13:53:18 COT 1970;0.3586544692516327;0.19873353838920593;-0.6082901358604431;-0.022791510447859764;-0.9546887278556824;-0.08897098898887634;0.2830796539783478;
0;Wed Jul 16 09:27:00 COT 2014;Tue Jan 06 13:53:23 COT 1970;0.12723612785339355;0.13788656890392303;-0.7056922316551208;-0.13576768338680267;0.6566048264503479;0.27717041969299316;0.688196063041687;Tue Jan 06 13:53:23 COT 1970;0.3597349524497986;0.19931946694850922;-0.6109840273857117;-0.023400133475661278;-0.9551049470901489;-0.08801548182964325;0.28192266821861267;
0;Wed Jul 16 09:27:16 COT 2014;Tue Jan 06 13:53:40 COT 1970;0.14899593591690063;0.14946098625659943;-0.6849031448364258;-0.10290057212114334;0.7014313340187073;0.2636895477771759;0.6541202664375305;Tue Jan 06 13:53:40 COT 1970;0.4157429337501526;0.18004311621189117;-0.6086603999137878;-0.44469645619392395;0.2572908103466034;-0.6980521082878113;0.49876824021339417;
0;Wed Jul 16 09:27:21 COT 2014;Tue Jan 06 13:53:45 COT 1970;0.1405361443758011;0.14563903212547302;-0.7104197144508362;-0.12548942863941193;0.6704317927360535;0.25947335362434387;0.6837010979652405;Tue Jan 06 13:53:45 COT 1970;0.3976996839046478;0.18388105928897858;-0.6114084124565125;-0.4352926015853882;0.2248620241880417;-0.6938077211380005;0.5278146266937256;
0;Wed Jul 16 09:27:27 COT 2014;Tue Jan 06 13:53:50 COT 1970;0.13992024958133698;0.1455228179693222;-0.7112029790878296;-0.12349039316177368;0.6678623557090759;0.2603764235973358;0.6862318515777588;Tue Jan 06 13:53:50 COT 1970;0.3938528895378113;0.18433734774589539;-0.6089120507240295;-0.4240819215774536;0.21672992408275604;-0.6934123039245605;0.540705144405365;
0;Wed Jul 16 09:27:32 COT 2014;Tue Jan 06 13:53:55 COT 1970;0.14169225096702576;0.14710155129432678;-0.7121594548225403;-0.12283064424991608;0.6724053621292114;0.2568966746330261;0.6832187175750732;Tue Jan 06 13:53:55 COT 1970;0.39905881881713867;0.1850479543209076;-0.6145666241645813;-0.4337131381034851;0.22132812440395355;-0.6963570713996887;0.5272510647773743;
0;Wed Jul 16 09:27:37 COT 2014;Tue Jan 06 13:54:00 COT 1970;0.14246776700019836;0.14750176668167114;-0.7116226553916931;-0.12114334851503372;0.6713840365409851;0.25600552558898926;0.6848567724227905;Tue Jan 06 13:54:00 COT 1970;0.3989410400390625;0.1846824586391449;-0.6126695275306702;-0.43190252780914307;0.21925272047519684;-0.6949151158332825;0.5314897298812866;
0;Wed Jul 16 09:27:42 COT 2014;Tue Jan 06 13:54:05 COT 1970;0.14189386367797852;0.14707618951797485;-0.7112541198730469;-0.12070666998624802;0.6700406074523926;0.2579025328159332;0.685537576675415;Tue Jan 06 13:54:05 COT 1970;0.3978835642337799;0.18415167927742004;-0.6116534471511841;-0.43032532930374146;0.21902064979076385;-0.6955570578575134;0.5320248603820801;
0;Wed Jul 16 09:27:47 COT 2014;Tue Jan 06 13:54:10 COT 1970;0.14030222594738007;0.14622341096401215;-0.7117910385131836;-0.12370286136865616;0.6706475019454956;0.2589174807071686;0.684025764465332;Tue Jan 06 13:54:10 COT 1970;0.39789900183677673;0.18472303450107574;-0.6143537759780884;-0.435844749212265;0.22185035049915314;-0.6953097581863403;0.5266556143760681;
0;Wed Jul 16 09:27:52 COT 2014;Tue Jan 06 13:54:15 COT 1970;0.13529334962368011;0.14405693113803864;-0.7153156399726868;-0.12738919258117676;0.67051100730896;0.2594497501850128;0.6832809448242188;Tue Jan 06 13:54:15 COT 1970;0.3915587067604065;0.1847819834947586;-0.6165713667869568;-0.4341222643852234;0.2175074964761734;-0.6940162777900696;0.5315729379653931;
0;Wed Jul 16 09:27:57 COT 2014;Tue Jan 06 13:54:20 COT 1970;0.13857074081897736;0.14578576385974884;-0.7140363454818726;-0.12396399676799774;0.6708138585090637;0.2575708329677582;0.6843236684799194;Tue Jan 06 13:54:20 COT 1970;0.39586514234542847;0.18455693125724792;-0.6160429120063782;-0.4366660416126251;0.22016827762126923;-0.6940815448760986;0.5282987952232361;
0;Wed Jul 16 09:28:02 COT 2014;Tue Jan 06 13:54:25 COT 1970;0.13726863265037537;0.14514710009098053;-0.7110175490379333;-0.12454760074615479;0.6689662933349609;0.26035982370376587;0.6849706172943115;Tue Jan 06 13:54:25 COT 1970;0.39468589425086975;0.18397775292396545;-0.6127053499221802;-0.4370724558830261;0.22159844636917114;-0.6935753226280212;0.5280293822288513;
0;Wed Jul 16 09:28:22 COT 2014;Tue Jan 06 13:54:45 COT 1970;0.19475317001342773;0.15675386786460876;-0.7085170149803162;-0.1154080182313919;0.6108154654502869;0.26434987783432007;0.7373632192611694;Tue Jan 06 13:54:45 COT 1970;0.3569031357765198;0.21924856305122375;-0.8277866244316101;-0.08442695438861847;-0.005098575260490179;0.15457972884178162;0.984353244304657;
0;Wed Jul 16 09:28:27 COT 2014;Tue Jan 06 13:54:50 COT 1970;0.17140938341617584;0.14838439226150513;-0.7086535096168518;-0.13431958854198456;0.6132081747055054;0.257503479719162;0.7345923185348511;Tue Jan 06 13:54:50 COT 1970;0.36774519085884094;0.21210512518882751;-0.829042911529541;-0.09694904834032059;-0.10272841155529022;0.15306781232357025;0.978068470954895;
0;Wed Jul 16 09:28:32 COT 2014;Tue Jan 06 13:54:55 COT 1970;0.18364804983139038;0.1566700041294098;-0.7005948424339294;-0.11434511840343475;0.6004834175109863;0.2625555098056793;0.7465987205505371;Tue Jan 06 13:54:55 COT 1970;0.3291720747947693;0.19907879829406738;-0.8353725075721741;-0.1532265543937683;0.006978018209338188;0.17346647381782532;0.972821831703186;
0;Wed Jul 16 09:28:37 COT 2014;Tue Jan 06 13:55:00 COT 1970;0.1873420774936676;0.15780065953731537;-0.6748039126396179;-0.08386126160621643;0.6532676815986633;0.2622338831424713;0.705295741558075;Tue Jan 06 13:55:00 COT 1970;0.36397549510002136;0.20587694644927979;-0.8278430700302124;-0.12775051593780518;-0.03919634595513344;0.1457451432943344;0.9802559614181519;
0;Wed Jul 16 09:28:42 COT 2014;Tue Jan 06 13:55:05 COT 1970;0.17294636368751526;0.15303118526935577;-0.6983868479728699;-0.1108054518699646;0.6181033849716187;0.26671892404556274;0.731116533279419;Tue Jan 06 13:55:05 COT 1970;0.3940449059009552;0.2134988009929657;-0.8197042942047119;-0.1046922355890274;-0.15215572714805603;0.0714542344212532;0.9801951050758362;
0;Wed Jul 16 09:28:47 COT 2014;Tue Jan 06 13:55:10 COT 1970;0.1516856849193573;0.1354343146085739;-0.6679377555847168;-0.11198342591524124;0.6119726896286011;0.3187890350818634;0.7150683403015137;Tue Jan 06 13:55:10 COT 1970;0.33712878823280334;0.2220676690340042;-0.7940069437026978;-0.06783713400363922;-0.035220611840486526;0.11257507652044296;0.9906989932060242;
0;Wed Jul 16 09:28:52 COT 2014;Tue Jan 06 13:55:15 COT 1970;0.18270571529865265;0.15686039626598358;-0.6890714168548584;-0.09635336697101593;0.6105812191963196;0.271733820438385;0.7376091480255127;Tue Jan 06 13:55:15 COT 1970;0.31763920187950134;0.20982332527637482;-0.8196041584014893;-0.10446906834840775;0.023159824311733246;0.17580878734588623;0.9785914421081543;
0;Wed Jul 16 09:28:57 COT 2014;Tue Jan 06 13:55:20 COT 1970;0.1826208084821701;0.1579803079366684;-0.6987357139587402;-0.09654084593057632;0.5940840244293213;0.26662489771842957;0.7527649402618408;Tue Jan 06 13:55:20 COT 1970;0.34171971678733826;0.19741840660572052;-0.8391276597976685;-0.15248794853687286;0.022383345291018486;0.11869893968105316;0.98089599609375;
0;Wed Jul 16 09:29:02 COT 2014;Tue Jan 06 13:55:25 COT 1970;0.1824318766593933;0.15850915014743805;-0.702079176902771;-0.09631896018981934;0.6002187728881836;0.26055967807769775;0.7500457167625427;Tue Jan 06 13:55:25 COT 1970;0.3621506989002228;0.20355646312236786;-0.8371592164039612;-0.11642086505889893;-0.014358555898070335;0.0846356526017189;0.989483118057251;
0;Wed Jul 16 09:29:07 COT 2014;Tue Jan 06 13:55:30 COT 1970;0.17229978740215302;0.15410028398036957;-0.7057234048843384;-0.10856155306100845;0.5990659594535828;0.27004340291023254;0.7459295392036438;Tue Jan 06 13:55:30 COT 1970;0.3940790891647339;0.20950640738010406;-0.8186327219009399;-0.0824844241142273;-0.12871842086315155;0.08135196566581726;0.9848906993865967;
0;Wed Jul 16 09:29:16 COT 2014;Tue Jan 06 13:55:40 COT 1970;0.19826391339302063;0.13796773552894592;-0.6793424487113953;-0.14099183678627014;0.6096035242080688;0.2834969460964203;0.7267284393310547;Tue Jan 06 13:55:40 COT 1970;0.32522857189178467;0.20343822240829468;-0.8009805083274841;-0.07648082822561264;0.03374748304486275;0.22244367003440857;0.9713550806045532;
0;Wed Jul 16 09:29:21 COT 2014;Tue Jan 06 13:55:45 COT 1970;0.19938251376152039;0.14376460015773773;-0.7043002843856812;-0.13995085656642914;0.6000673174858093;0.2723481357097626;0.7390260100364685;Tue Jan 06 13:55:45 COT 1970;0.357205331325531;0.2105194479227066;-0.8250284790992737;-0.09453457593917847;-0.02010551653802395;0.18068933486938477;0.9787800312042236;
0;Wed Jul 16 09:29:27 COT 2014;Tue Jan 06 13:55:50 COT 1970;0.20807740092277527;0.14957493543624878;-0.704251766204834;-0.13671474158763885;0.6026905179023743;0.2578916549682617;0.7426742911338806;Tue Jan 06 13:55:50 COT 1970;0.394448459148407;0.21459221839904785;-0.8171812295913696;-0.10043284296989441;-0.08022408187389374;0.1518850475549698;0.9800041913986206;
0;Wed Jul 16 09:29:32 COT 2014;Tue Jan 06 13:55:55 COT 1970;0.2145586758852005;0.15414583683013916;-0.703948438167572;-0.12965556979179382;0.5880714654922485;0.25356578826904297;0.7570110559463501;Tue Jan 06 13:55:55 COT 1970;0.35806411504745483;0.2101077288389206;-0.8152823448181152;-0.07511407881975174;0.029889414086937904;0.14307957887649536;0.9864040017127991;
0;Wed Jul 16 09:29:37 COT 2014;Tue Jan 06 13:56:00 COT 1970;0.212124302983284;0.1475653499364853;-0.6879515647888184;-0.1000078096985817;0.5837861895561218;0.26563340425491333;0.7606779336929321;Tue Jan 06 13:56:00 COT 1970;0.3288706839084625;0.20797084271907806;-0.8062695264816284;-0.05875878781080246;0.06830430775880814;0.16333267092704773;0.9824481010437012;
0;Wed Jul 16 09:29:42 COT 2014;Tue Jan 06 13:56:05 COT 1970;0.2271045595407486;0.1536552906036377;-0.6580225825309753;-0.059482164680957794;0.5819884538650513;0.2630859911441803;0.7671617269515991;Tue Jan 06 13:56:05 COT 1970;0.33882132172584534;0.211431622505188;-0.7814651131629944;-0.05604301765561104;0.06057477742433548;0.17291685938835144;0.9814731478691101;
0;Wed Jul 16 09:29:47 COT 2014;Tue Jan 06 13:56:10 COT 1970;0.21761271357536316;0.14846248924732208;-0.6502827405929565;-0.046286363154649734;0.5619581341743469;0.28226277232170105;0.7761368751525879;Tue Jan 06 13:56:10 COT 1970;0.32683244347572327;0.2077677845954895;-0.7761695981025696;-0.06727548688650131;0.058767229318618774;0.19073070585727692;0.977569580078125;
0;Wed Jul 16 09:29:52 COT 2014;Tue Jan 06 13:56:15 COT 1970;0.22587421536445618;0.1455201506614685;-0.6214718222618103;0.07718358933925629;0.4626688063144684;0.379641592502594;0.7974036335945129;Tue Jan 06 13:56:15 COT 1970;0.3358657658100128;0.20667211711406708;-0.768837034702301;-0.06402213871479034;0.08083667606115341;0.2013835310935974;0.9740694165229797;
0;Wed Jul 16 09:31:15 COT 2014;Tue Jan 06 13:57:38 COT 1970;0.24680115282535553;0.15112340450286865;-0.6735458374023438;0.01463102176785469;0.49084708094596863;0.3569410741329193;0.7946370244026184;Tue Jan 06 13:57:38 COT 1970;0.37694239616394043;0.19690987467765808;-0.8254966139793396;-0.11137163639068604;0.02801760844886303;0.1988523155450821;0.9732775688171387;
0;Wed Jul 16 09:31:20 COT 2014;Tue Jan 06 13:57:43 COT 1970;0.25656697154045105;0.15894803404808044;-0.6519941091537476;0.039514973759651184;0.49454256892204285;0.346835196018219;0.7959721684455872;Tue Jan 06 13:57:43 COT 1970;0.3877529501914978;0.2027992308139801;-0.8074899911880493;-0.10138726234436035;0.04367788881063461;0.15677279233932495;0.9814454317092896;
0;Wed Jul 16 09:31:25 COT 2014;Tue Jan 06 13:57:48 COT 1970;0.2492201179265976;0.1551816761493683;-0.6491523385047913;0.03710515797138214;0.49439987540245056;0.35573703050613403;0.7922393083572388;Tue Jan 06 13:57:48 COT 1970;0.3787758946418762;0.20124976336956024;-0.8052769899368286;-0.10497099906206131;0.047141190618276596;0.16778157651424408;0.9790853261947632;
0;Wed Jul 16 09:31:30 COT 2014;Tue Jan 06 13:57:53 COT 1970;0.24916590750217438;0.15504339337348938;-0.6588935256004333;0.024526536464691162;0.49546724557876587;0.34986838698387146;0.7946714162826538;Tue Jan 06 13:57:53 COT 1970;0.37954452633857727;0.19970516860485077;-0.8130767345428467;-0.10115254670381546;0.050744205713272095;0.17626036703586578;0.9778167009353638;
0;Wed Jul 16 09:31:35 COT 2014;Tue Jan 06 13:57:58 COT 1970;0.24552799761295319;0.15331494808197021;-0.6555178165435791;0.02586863562464714;0.49495694041252136;0.3567809760570526;0.7918685078620911;Tue Jan 06 13:57:58 COT 1970;0.37547773122787476;0.19927896559238434;-0.8099415302276611;-0.10934126377105713;0.055245984345674515;0.1789945662021637;0.9761932492256165;
0;Wed Jul 16 09:31:40 COT 2014;Tue Jan 06 13:58:03 COT 1970;0.24705176055431366;0.1545751690864563;-0.6533384323120117;0.03070951998233795;0.4939424991607666;0.3551889955997467;0.793043851852417;Tue Jan 06 13:58:03 COT 1970;0.37575170397758484;0.20053090155124664;-0.8080136775970459;-0.09875840693712234;0.056604888290166855;0.18127070367336273;0.9768231511116028;
0;Wed Jul 16 09:31:45 COT 2014;Tue Jan 06 13:58:08 COT 1970;0.24398986995220184;0.1530495584011078;-0.6556004881858826;0.0253129955381155;0.4937901794910431;0.35783061385154724;0.7921412587165833;Tue Jan 06 13:58:08 COT 1970;0.37354037165641785;0.19910471141338348;-0.8087144494056702;-0.10345552861690521;0.052737537771463394;0.1749783307313919;0.9777004718780518;
0;Wed Jul 16 09:31:50 COT 2014;Tue Jan 06 13:58:13 COT 1970;0.2430359125137329;0.15233372151851654;-0.6531211733818054;0.03978579863905907;0.4896925687789917;0.36437827348709106;0.7911047339439392;Tue Jan 06 13:58:13 COT 1970;0.3709876835346222;0.19895301759243011;-0.8064414262771606;-0.10509476065635681;0.05935061350464821;0.1770307868719101;0.9767765998840332;
0;Wed Jul 16 09:31:55 COT 2014;Tue Jan 06 13:58:18 COT 1970;0.23925359547138214;0.15142136812210083;-0.6487024426460266;0.03022102452814579;0.4948592782020569;0.3640342652797699;0.7884668707847595;Tue Jan 06 13:58:18 COT 1970;0.36636093258857727;0.1990368366241455;-0.8027519583702087;-0.10346859693527222;0.06023046001791954;0.1807478666305542;0.9762155413627625;
0;Wed Jul 16 09:32:00 COT 2014;Tue Jan 06 13:58:23 COT 1970;0.24235102534294128;0.1524016261100769;-0.6463824510574341;0.03189568966627121;0.4952235519886017;0.3618626594543457;0.789171576499939;Tue Jan 06 13:58:23 COT 1970;0.3692174255847931;0.1985911875963211;-0.8016207218170166;-0.10755210369825363;0.06125040724873543;0.17946399748325348;0.9759475588798523;
0;Wed Jul 16 09:32:17 COT 2014;Tue Jan 06 13:58:40 COT 1970;0.26404136419296265;0.1583748161792755;-0.6475141644477844;0.06138065084815025;0.4643702805042267;0.3558701276779175;0.8086711764335632;Tue Jan 06 13:58:40 COT 1970;0.4001847803592682;0.20693333446979523;-0.794464647769928;-0.08443628996610641;0.014114949852228165;0.16091874241828918;0.9832478761672974;
0;Wed Jul 16 09:32:22 COT 2014;Tue Jan 06 13:58:45 COT 1970;0.2596296966075897;0.1561150848865509;-0.6648584604263306;0.04459657147526741;0.4704088270664215;0.3559582233428955;0.8062384128570557;Tue Jan 06 13:58:45 COT 1970;0.39322373270988464;0.20135362446308136;-0.8114678859710693;-0.09849967807531357;0.03853458911180496;0.16430102288722992;0.9807232022285461;
0;Wed Jul 16 09:32:27 COT 2014;Tue Jan 06 13:58:50 COT 1970;0.2574670612812042;0.15561501681804657;-0.6549921035766602;0.04884163290262222;0.4741954803466797;0.3594978451728821;0.8021935224533081;Tue Jan 06 13:58:50 COT 1970;0.38964608311653137;0.20381274819374084;-0.803067684173584;-0.09200163930654526;0.05112191289663315;0.15863080322742462;0.9817120432853699;
0;Wed Jul 16 09:32:32 COT 2014;Tue Jan 06 13:58:55 COT 1970;0.2569543719291687;0.1546642929315567;-0.6547513604164124;0.04865394905209541;0.47529205679893494;0.3622375428676605;0.8003213405609131;Tue Jan 06 13:58:55 COT 1970;0.38849809765815735;0.20387889444828033;-0.8031688928604126;-0.0943167507648468;0.055993545800447464;0.1605345755815506;0.9809167385101318;
0;Wed Jul 16 09:32:37 COT 2014;Tue Jan 06 13:59:00 COT 1970;0.2577472925186157;0.1559533327817917;-0.6569962501525879;0.04659457504749298;0.47639137506484985;0.3585089147090912;0.8014683723449707;Tue Jan 06 13:59:00 COT 1970;0.3913792073726654;0.2026776671409607;-0.8074651956558228;-0.10384576767683029;0.049469754099845886;0.1522226631641388;0.9816298484802246;
0;Wed Jul 16 09:32:42 COT 2014;Tue Jan 06 13:59:05 COT 1970;0.2604694366455078;0.15688389539718628;-0.6580036282539368;0.04870336502790451;0.47674304246902466;0.3560529947280884;0.8022283315658569;Tue Jan 06 13:59:05 COT 1970;0.39380478858947754;0.20246072113513947;-0.8084993362426758;-0.10326821357011795;0.05198727175593376;0.1514747142791748;0.9816762804985046;
0;Wed Jul 16 09:32:47 COT 2014;Tue Jan 06 13:59:10 COT 1970;0.260574072599411;0.15714357793331146;-0.6593088507652283;0.04751906916499138;0.47730904817581177;0.35616931319236755;0.8019111156463623;Tue Jan 06 13:59:10 COT 1970;0.39400795102119446;0.20233610272407532;-0.8098573684692383;-0.1057354062795639;0.05522941052913666;0.15149104595184326;0.9812340140342712;
0;Wed Jul 16 09:32:52 COT 2014;Tue Jan 06 13:59:15 COT 1970;0.2605907618999481;0.15762865543365479;-0.6598415970802307;0.04950636252760887;0.4787314832210541;0.35546764731407166;0.8012540340423584;Tue Jan 06 13:59:15 COT 1970;0.39378228783607483;0.20277094841003418;-0.8111566305160522;-0.10412799566984177;0.06145158410072327;0.1555933952331543;0.9803937077522278;
0;Wed Jul 16 09:32:57 COT 2014;Tue Jan 06 13:59:20 COT 1970;0.2559973895549774;0.15603090822696686;-0.6616116762161255;0.04618336260318756;0.47818347811698914;0.3590995669364929;0.8001594543457031;Tue Jan 06 13:59:20 COT 1970;0.3906792104244232;0.20078706741333008;-0.8135027885437012;-0.11655674874782562;0.05570712313055992;0.1483847200870514;0.9804555773735046;
0;Wed Jul 16 09:33:02 COT 2014;Tue Jan 06 13:59:25 COT 1970;0.27395638823509216;0.16781285405158997;-0.6808233261108398;0.023234091699123383;0.4879796504974365;0.31412655115127563;0.8140397071838379;Tue Jan 06 13:59:25 COT 1970;0.4092908501625061;0.19629433751106262;-0.8311792612075806;-0.14045248925685883;0.05203983187675476;0.13796856999397278;0.9790452122688293;
0;Wed Jul 16 09:33:21 COT 2014;Tue Jan 06 13:59:44 COT 1970;0.25184670090675354;0.14695025980472565;-0.6795859932899475;0.0010314886458218098;0.45060059428215027;0.3692423105239868;0.8127841949462891;Tue Jan 06 13:59:44 COT 1970;0.3982723355293274;0.19948595762252808;-0.8207916617393494;-0.13043071329593658;-0.013162525370717049;0.18311293423175812;0.9743121862411499;
0;Wed Jul 16 09:33:26 COT 2014;Tue Jan 06 13:59:49 COT 1970;0.2555144131183624;0.14717596769332886;-0.6764082908630371;0.0030400182586163282;0.4652404487133026;0.3649882972240448;0.8064277172088623;Tue Jan 06 13:59:49 COT 1970;0.39558085799217224;0.19938726723194122;-0.8193557858467102;-0.10165649652481079;-0.016320237889885902;0.19484670460224152;0.975415050983429;
0;Wed Jul 16 09:33:31 COT 2014;Tue Jan 06 13:59:54 COT 1970;0.23753324151039124;0.13991355895996094;-0.6500235199928284;0.010777107439935207;0.4645896553993225;0.3884979486465454;0.7956818342208862;Tue Jan 06 13:59:54 COT 1970;0.3720465302467346;0.2020249366760254;-0.7945062518119812;-0.09027888625860214;0.017704082652926445;0.20492692291736603;0.9744440317153931;
0;Wed Jul 16 09:33:36 COT 2014;Tue Jan 06 13:59:59 COT 1970;0.24364179372787476;0.14199581742286682;-0.6489811539649963;0.015422266907989979;0.4567823112010956;0.3865330219268799;0.8010644912719727;Tue Jan 06 13:59:59 COT 1970;0.3788128197193146;0.2047252506017685;-0.7874502539634705;-0.08068037033081055;0.018660161644220352;0.1908654123544693;0.9781169295310974;
0;Wed Jul 16 09:33:41 COT 2014;Tue Jan 06 14:00:04 COT 1970;0.23894263803958893;0.1399029791355133;-0.6559486389160156;0.007317888550460339;0.4589490592479706;0.3881096839904785;0.7991765141487122;Tue Jan 06 14:00:04 COT 1970;0.37432101368904114;0.2016957551240921;-0.7967737913131714;-0.09623922407627106;0.024286018684506416;0.19954241812229156;0.9748492240905762;
0;Wed Jul 16 09:33:46 COT 2014;Tue Jan 06 14:00:09 COT 1970;0.22992980480194092;0.13437117636203766;-0.644531786441803;0.013221346773207188;0.458769828081131;0.4025273025035858;0.7920398712158203;Tue Jan 06 14:00:09 COT 1970;0.3622954189777374;0.2028864324092865;-0.7853510975837708;-0.09423252940177917;0.04175474867224693;0.20157654583454132;0.9740346670150757;
0;Wed Jul 16 09:33:51 COT 2014;Tue Jan 06 14:00:14 COT 1970;0.23212598264217377;0.13596680760383606;-0.6448882222175598;0.01430609729140997;0.45860084891319275;0.3998619318008423;0.7934677004814148;Tue Jan 06 14:00:14 COT 1970;0.365507572889328;0.20291301608085632;-0.7861073017120361;-0.09504149854183197;0.042139627039432526;0.19267065823078156;0.9757404327392578;
0;Wed Jul 16 09:33:56 COT 2014;Tue Jan 06 14:00:19 COT 1970;0.22978410124778748;0.13428372144699097;-0.6514331102371216;0.005446084775030613;0.45912986993789673;0.40006402134895325;0.7931702136993408;Tue Jan 06 14:00:19 COT 1970;0.36324089765548706;0.1999586671590805;-0.7929297685623169;-0.10150120407342911;0.04184260219335556;0.20693518221378326;0.972175121307373;
0;Wed Jul 16 09:34:01 COT 2014;Tue Jan 06 14:00:24 COT 1970;0.22374066710472107;0.13120037317276;-0.6504683494567871;0.0031108877155929804;0.46020594239234924;0.4066240191459656;0.7892133593559265;Tue Jan 06 14:00:24 COT 1970;0.35504767298698425;0.20048779249191284;-0.7923970818519592;-0.0899893268942833;0.04065180569887161;0.2108640968799591;0.9725151658058167;
0;Wed Jul 16 09:34:06 COT 2014;Tue Jan 06 14:00:29 COT 1970;0.21916919946670532;0.12876690924167633;-0.6495978832244873;2.924093569163233E-4;0.459248423576355;0.41134408116340637;0.7873288989067078;Tue Jan 06 14:00:29 COT 1970;0.35078728199005127;0.19880345463752747;-0.7908635139465332;-0.10069585591554642;0.04619847610592842;0.2094053328037262;0.9715324640274048;
0;Wed Jul 16 09:34:11 COT 2014;Tue Jan 06 14:00:34 COT 1970;0.22109279036521912;0.1292729675769806;-0.6527007818222046;-0.0029285226482897997;0.4579523801803589;0.4098806381225586;0.7888402342796326;Tue Jan 06 14:00:34 COT 1970;0.3561321198940277;0.1962902843952179;-0.7971721291542053;-0.10544973611831665;0.035279497504234314;0.20869025588035583;0.97163987159729;
0;Wed Jul 16 09:35:50 COT 2014;Tue Jan 06 14:02:13 COT 1970;0.25797951221466064;0.1661992222070694;-0.64023756980896;0.10104427486658096;0.5075871348381042;0.3215349614620209;0.7929443120956421;Tue Jan 06 14:02:13 COT 1970;0.3814484477043152;0.2037142813205719;-0.8073419332504272;-0.08382335305213928;0.01660606823861599;0.18645893037319183;0.9787394404411316;
0;Wed Jul 16 09:35:55 COT 2014;Tue Jan 06 14:02:18 COT 1970;0.24880363047122955;0.16220325231552124;-0.6257725954055786;0.0905909463763237;0.5449613332748413;0.32655125856399536;0.7669254541397095;Tue Jan 06 14:02:18 COT 1970;0.36275583505630493;0.2052617371082306;-0.8010521531105042;-0.06980225443840027;0.06931639462709427;0.1598266065120697;0.9822312593460083;
0;Wed Jul 16 09:36:00 COT 2014;Tue Jan 06 14:02:23 COT 1970;0.23711493611335754;0.15830811858177185;-0.6403217911720276;0.08119090646505356;0.5396467447280884;0.3338716924190521;0.7685825228691101;Tue Jan 06 14:02:23 COT 1970;0.35548722743988037;0.20078511536121368;-0.8151749968528748;-0.07769646495580673;0.062107689678668976;0.1738293468952179;0.9797394275665283;
0;Wed Jul 16 09:36:05 COT 2014;Tue Jan 06 14:02:28 COT 1970;0.23300491273403168;0.15634742379188538;-0.6427282094955444;0.07825493812561035;0.5406315326690674;0.337618887424469;0.7665553689002991;Tue Jan 06 14:02:28 COT 1970;0.35082724690437317;0.1997278928756714;-0.8176490068435669;-0.08200202137231827;0.060073837637901306;0.17915956676006317;0.978554368019104;
0;Wed Jul 16 09:36:10 COT 2014;Tue Jan 06 14:02:33 COT 1970;0.23065003752708435;0.15510903298854828;-0.6442387700080872;0.07434773445129395;0.5378449559211731;0.34168484807014465;0.7671027779579163;Tue Jan 06 14:02:33 COT 1970;0.3495572805404663;0.1996118724346161;-0.8181203007698059;-0.08360026776790619;0.05820833891630173;0.18068145215511322;0.9782519936561584;
0;Wed Jul 16 09:36:15 COT 2014;Tue Jan 06 14:02:38 COT 1970;0.22686976194381714;0.15324458479881287;-0.6457380652427673;0.07054644078016281;0.5370470285415649;0.3465063273906708;0.7658571004867554;Tue Jan 06 14:02:38 COT 1970;0.3458503484725952;0.19912387430667877;-0.8193004727363586;-0.08661893755197525;0.05777857080101967;0.18482007086277008;0.9772412180900574;
0;Wed Jul 16 09:36:20 COT 2014;Tue Jan 06 14:02:43 COT 1970;0.2300272285938263;0.15478065609931946;-0.6472549438476562;0.0723353773355484;0.5372379422187805;0.34338024258613586;0.7669634222984314;Tue Jan 06 14:02:43 COT 1970;0.3485317528247833;0.19902387261390686;-0.8210141062736511;-0.08743039518594742;0.06018369644880295;0.18528100848197937;0.9769364595413208;
0;Wed Jul 16 09:36:25 COT 2014;Tue Jan 06 14:02:48 COT 1970;0.22687651216983795;0.15295802056789398;-0.6494923233985901;0.06646779179573059;0.542051374912262;0.34472620487213135;0.7634961009025574;Tue Jan 06 14:02:48 COT 1970;0.3440435826778412;0.19673436880111694;-0.8247572779655457;-0.09351666271686554;0.05764513462781906;0.19118650257587433;0.9753867387771606;
0;Wed Jul 16 09:36:30 COT 2014;Tue Jan 06 14:02:53 COT 1970;0.2453240007162094;0.16300030052661896;-0.6572921872138977;0.06480034440755844;0.5442752838134766;0.3223339319229126;0.7717940807342529;Tue Jan 06 14:02:53 COT 1970;0.361587792634964;0.1997016817331314;-0.8286516070365906;-0.10721221566200256;0.07124678045511246;0.18359610438346863;0.9745368361473083;
0;Wed Jul 16 09:36:35 COT 2014;Tue Jan 06 14:02:58 COT 1970;0.23877863585948944;0.1572749763727188;-0.6691445112228394;0.04483463242650032;0.5505077838897705;0.3205230236053467;0.7695426940917969;Tue Jan 06 14:02:58 COT 1970;0.36087948083877563;0.19816187024116516;-0.842805027961731;-0.11550921201705933;0.01634739711880684;0.1710810512304306;0.9783259034156799;
0;Wed Jul 16 09:36:52 COT 2014;Tue Jan 06 14:03:15 COT 1970;0.24087733030319214;0.1578313112258911;-0.6538666486740112;0.06119450554251671;0.43856632709503174;0.35303500294685364;0.8241851329803467;Tue Jan 06 14:03:15 COT 1970;0.39061471819877625;0.20831812918186188;-0.7903114557266235;-0.08501314371824265;-0.022056490182876587;0.14473523199558258;0.9855647087097168;
0;Wed Jul 16 09:36:57 COT 2014;Tue Jan 06 14:03:20 COT 1970;0.26786869764328003;0.17174459993839264;-0.6479578018188477;0.07464808225631714;0.48740607500076294;0.3101947605609894;0.8127989768981934;Tue Jan 06 14:03:20 COT 1970;0.39853474497795105;0.20382536947727203;-0.7991406321525574;-0.0724286362528801;0.032893747091293335;0.1459289938211441;0.9860917329788208;
0;Wed Jul 16 09:37:02 COT 2014;Tue Jan 06 14:03:25 COT 1970;0.2526712417602539;0.1663411259651184;-0.6490381360054016;0.06215747073292732;0.48160573840141296;0.3207874894142151;0.813196063041687;Tue Jan 06 14:03:25 COT 1970;0.3858952820301056;0.19952377676963806;-0.8027036786079407;-0.09257633239030838;0.03387308865785599;0.166147381067276;0.9811611771583557;
0;Wed Jul 16 09:37:07 COT 2014;Tue Jan 06 14:03:30 COT 1970;0.2515784204006195;0.16625328361988068;-0.6514372825622559;0.05869847908616066;0.4810577630996704;0.3192054331302643;0.8143990635871887;Tue Jan 06 14:03:30 COT 1970;0.3863189220428467;0.19780252873897552;-0.8044758439064026;-0.1039719358086586;0.030983107164502144;0.16640670597553253;0.9800707697868347;
0;Wed Jul 16 09:37:12 COT 2014;Tue Jan 06 14:03:35 COT 1970;0.24903659522533417;0.16507205367088318;-0.6513500213623047;0.056058961898088455;0.4804299771785736;0.32222095131874084;0.8137677311897278;Tue Jan 06 14:03:35 COT 1970;0.38375261425971985;0.19763629138469696;-0.8038445115089417;-0.09740832448005676;0.02364237792789936;0.1615934818983078;0.9817536473274231;
0;Wed Jul 16 09:37:17 COT 2014;Tue Jan 06 14:03:40 COT 1970;0.25162461400032043;0.16653040051460266;-0.653502881526947;0.055765751749277115;0.48035743832588196;0.3184972107410431;0.8152952790260315;Tue Jan 06 14:03:40 COT 1970;0.38700419664382935;0.19770514965057373;-0.8054159283638;-0.09573578834533691;0.021684039384126663;0.15792855620384216;0.9825595021247864;
0;Wed Jul 16 09:37:22 COT 2014;Tue Jan 06 14:03:45 COT 1970;0.2509291470050812;0.16632354259490967;-0.6558673977851868;0.05316156893968582;0.48018842935562134;0.3175145983695984;0.8159518837928772;Tue Jan 06 14:03:45 COT 1970;0.38693347573280334;0.1968454271554947;-0.8076926469802856;-0.098980613052845;0.020311841741204262;0.15773428976535797;0.9822983741760254;
0;Wed Jul 16 09:37:27 COT 2014;Tue Jan 06 14:03:50 COT 1970;0.2521834373474121;0.16698777675628662;-0.6573925018310547;0.05202329158782959;0.4791489839553833;0.3155534863471985;0.817395806312561;Tue Jan 06 14:03:50 COT 1970;0.3888576626777649;0.1965741068124771;-0.8086686730384827;-0.10433762520551682;0.025306329131126404;0.16387417912483215;0.9806214570999146;
0;Wed Jul 16 09:37:32 COT 2014;Tue Jan 06 14:03:55 COT 1970;0.2512640357017517;0.1662033647298813;-0.6526982188224792;0.052414122968912125;0.47981512546539307;0.31858062744140625;0.8158043026924133;Tue Jan 06 14:03:55 COT 1970;0.38740527629852295;0.19612348079681396;-0.8051754236221313;-0.10514224320650101;0.025488708168268204;0.1576249599456787;0.9815548062324524;
0;Wed Jul 16 09:37:37 COT 2014;Tue Jan 06 14:04:00 COT 1970;0.2511613667011261;0.16584868729114532;-0.6507041454315186;0.05520576983690262;0.4797143340110779;0.31896325945854187;0.8155297636985779;Tue Jan 06 14:04:00 COT 1970;0.38703781366348267;0.19636932015419006;-0.8048743605613708;-0.10594388842582703;0.033913981169462204;0.1622452586889267;0.9804601669311523;
0;Wed Jul 16 09:41:50 COT 2014;Tue Jan 06 14:08:13 COT 1970;0.0014065289869904518;0.012667733244597912;-0.7017470598220825;-0.08917200565338135;0.479360431432724;0.5025092959403992;0.7139652371406555;Tue Jan 06 14:08:13 COT 1970;0.10564343631267548;0.11642587929964066;-0.8372729420661926;-0.10514095425605774;-0.06625261902809143;0.450874924659729;0.8838934898376465;
0;Wed Jul 16 09:41:55 COT 2014;Tue Jan 06 14:08:18 COT 1970;-0.005499806720763445;0.014208239503204823;-0.6990444660186768;-0.12069419026374817;0.41723909974098206;0.5438827276229858;0.7180083394050598;Tue Jan 06 14:08:18 COT 1970;0.10277479141950607;0.10793407261371613;-0.8449116945266724;-0.168476864695549;-0.06172048673033714;0.4407922029495239;0.879493236541748;
0;Wed Jul 16 09:42:00 COT 2014;Tue Jan 06 14:08:23 COT 1970;-0.006974098738282919;0.014641041867434978;-0.6923488974571228;-0.11864360421895981;0.4144391715526581;0.5540157556533813;0.7122010588645935;Tue Jan 06 14:08:23 COT 1970;0.09897838532924652;0.10551823675632477;-0.8396485447883606;-0.17062976956367493;-0.05055342614650726;0.445041686296463;0.8776489496231079;
0;Wed Jul 16 09:42:05 COT 2014;Tue Jan 06 14:08:28 COT 1970;-0.009274614974856377;0.013643991202116013;-0.6879377961158752;-0.12293035537004471;0.41978105902671814;0.5539001226425171;0.7084254622459412;Tue Jan 06 14:08:28 COT 1970;0.09867021441459656;0.10509221255779266;-0.8364765048027039;-0.17035157978534698;-0.053682904690504074;0.44396042823791504;0.8780646920204163;
0;Wed Jul 16 09:42:10 COT 2014;Tue Jan 06 14:08:33 COT 1970;-0.014469493180513382;0.010192736983299255;-0.6879169344902039;-0.1250714808702469;0.41753652691841125;0.5576839447021484;0.7064056992530823;Tue Jan 06 14:08:33 COT 1970;0.0923747569322586;0.09928447753190994;-0.8379393219947815;-0.18047481775283813;-0.05026733875274658;0.4500465989112854;0.8731323480606079;
0;Wed Jul 16 09:42:15 COT 2014;Tue Jan 06 14:08:38 COT 1970;-0.008460990153253078;0.014782434329390526;-0.683843195438385;-0.12078078836202621;0.4219064712524414;0.5499882102012634;0.710577130317688;Tue Jan 06 14:08:38 COT 1970;0.09899798780679703;0.10175401717424393;-0.8343214988708496;-0.1806848794221878;-0.05269356071949005;0.44863903522491455;0.8736701011657715;
0;Wed Jul 16 09:42:20 COT 2014;Tue Jan 06 14:08:43 COT 1970;-0.010453863069415092;0.015862857922911644;-0.6834553480148315;-0.11995803564786911;0.42246612906455994;0.5462971925735474;0.713226318359375;Tue Jan 06 14:08:43 COT 1970;0.09664437919855118;0.09859645366668701;-0.8343076705932617;-0.18309888243675232;-0.044776931405067444;0.45668208599090576;0.8694314956665039;
0;Wed Jul 16 09:42:42 COT 2014;Tue Jan 06 14:09:05 COT 1970;-0.017104249447584152;0.005728056654334068;-0.6437532901763916;-0.11956288665533066;0.5649998188018799;0.528734564781189;0.6220287084579468;Tue Jan 06 14:09:05 COT 1970;0.1554410606622696;0.1662280112504959;-0.585331380367279;0.13162395358085632;-0.9724104404449463;-0.029533665627241135;0.1903177946805954;
0;Wed Jul 16 09:42:47 COT 2014;Tue Jan 06 14:09:10 COT 1970;-0.01789499633014202;0.00337127479724586;-0.6277225613594055;-0.11135665327310562;0.5558784008026123;0.5354329943656921;0.626027524471283;Tue Jan 06 14:09:10 COT 1970;0.15691661834716797;0.16336914896965027;-0.5657909512519836;0.14091648161411285;-0.9682167172431946;-0.025977563112974167;0.2049974948167801;
0;Wed Jul 16 09:42:52 COT 2014;Tue Jan 06 14:09:15 COT 1970;-0.02011186257004738;0.0033464883454144;-0.6329555511474609;-0.12197010219097137;0.5498590469360352;0.5338592529296875;0.630692183971405;Tue Jan 06 14:09:15 COT 1970;0.15159641206264496;0.16280297935009003;-0.5671761631965637;0.14326465129852295;-0.9700330495834351;-0.04370322450995445;0.1913142204284668;
0;Wed Jul 16 09:42:57 COT 2014;Tue Jan 06 14:09:20 COT 1970;-0.02348518557846546;-0.0015841844724491239;-0.6388489603996277;-0.12878476083278656;0.5493485331535339;0.5312538743019104;0.6319810152053833;Tue Jan 06 14:09:20 COT 1970;0.14682546257972717;0.1608727127313614;-0.5723565816879272;0.166098952293396;-0.9640026092529297;-0.02800321951508522;0.2057325541973114;
0;Wed Jul 16 09:43:02 COT 2014;Tue Jan 06 14:09:25 COT 1970;-0.024490009993314743;-0.0032349065877497196;-0.635195791721344;-0.12812834978103638;0.548505961894989;0.5361049771308899;0.6287413835525513;Tue Jan 06 14:09:25 COT 1970;0.14460143446922302;0.1597215235233307;-0.5691204071044922;0.17266231775283813;-0.9623461365699768;-0.0267673060297966;0.20823320746421814;
0;Wed Jul 16 09:43:07 COT 2014;Tue Jan 06 14:09:30 COT 1970;-0.025407379493117332;-0.004130344372242689;-0.6366303563117981;-0.13297559320926666;0.5466593503952026;0.5362218022346497;0.6292433142662048;Tue Jan 06 14:09:30 COT 1970;0.14146527647972107;0.15968556702136993;-0.5688523054122925;0.18196161091327667;-0.962173342704773;-0.026083361357450485;0.20107710361480713;
0;Wed Jul 16 09:43:12 COT 2014;Tue Jan 06 14:09:35 COT 1970;-0.022390086203813553;-6.71199697535485E-4;-0.6320394277572632;-0.12579330801963806;0.5509139895439148;0.53324294090271;0.6295409202575684;Tue Jan 06 14:09:35 COT 1970;0.14825113117694855;0.1608855128288269;-0.5656006932258606;0.17457883059978485;-0.9631729125976562;-0.02605304680764675;0.20283354818820953;
0;Wed Jul 16 09:43:17 COT 2014;Tue Jan 06 14:09:40 COT 1970;-0.025953548029065132;-0.005319314543157816;-0.647108793258667;-0.13793855905532837;0.5512617826461792;0.5319797396659851;0.6277586817741394;Tue Jan 06 14:09:40 COT 1970;0.1374133825302124;0.15565615892410278;-0.5778681635856628;0.19036564230918884;-0.9614124894142151;-0.015838157385587692;0.19797998666763306;
